Start,Finish,Distance (mi),Steps (count)
27-Sep-2016 00:00,28-Sep-2016 00:00,1.69158365147539,3870.0
28-Sep-2016 00:00,29-Sep-2016 00:00,5.23128853691466,11801.3277498664
29-Sep-2016 00:00,30-Sep-2016 00:00,7.45769910982394,16979.1038719504
30-Sep-2016 00:00,01-Oct-2016 00:00,9.68312559956663,20982.324828057
01-Oct-2016 00:00,02-Oct-2016 00:00,5.3298763807843,11805.2435501262
02-Oct-2016 00:00,03-Oct-2016 00:00,3.99470642563788,9164.0
03-Oct-2016 00:00,04-Oct-2016 00:00,5.42456971367247,11710.3195630133
04-Oct-2016 00:00,05-Oct-2016 00:00,4.59917422960615,10082.6804369867
05-Oct-2016 00:00,06-Oct-2016 00:00,3.85940789380871,8818.0
06-Oct-2016 00:00,07-Oct-2016 00:00,4.60794976587491,10226.7656213489
07-Oct-2016 00:00,08-Oct-2016 00:00,6.02692271455177,13312.9511745689
08-Oct-2016 00:00,09-Oct-2016 00:00,2.02172452473629,4461.28320408215
09-Oct-2016 00:00,10-Oct-2016 00:00,1.75135334645674,4435.0
10-Oct-2016 00:00,11-Oct-2016 00:00,6.65729613622366,14724.0
11-Oct-2016 00:00,12-Oct-2016 00:00,5.11447521474591,10344.0
12-Oct-2016 00:00,13-Oct-2016 00:00,5.41277066929206,11936.0
13-Oct-2016 00:00,14-Oct-2016 00:00,6.31103549808933,13130.0
14-Oct-2016 00:00,15-Oct-2016 00:00,5.04137224743133,11468.0
15-Oct-2016 00:00,16-Oct-2016 00:00,5.18692707495465,11639.7250171251
16-Oct-2016 00:00,17-Oct-2016 00:00,8.49277308756617,18405.2749828749
17-Oct-2016 00:00,18-Oct-2016 00:00,3.89576977726983,8511.0
18-Oct-2016 00:00,19-Oct-2016 00:00,4.07069813547935,8901.0
19-Oct-2016 00:00,20-Oct-2016 00:00,3.55848757781025,8078.0
20-Oct-2016 00:00,21-Oct-2016 00:00,6.39939532152809,13355.0772601388
21-Oct-2016 00:00,22-Oct-2016 00:00,4.56911915674779,10341.9227398612
22-Oct-2016 00:00,23-Oct-2016 00:00,3.6184797868949,8360.0
23-Oct-2016 00:00,24-Oct-2016 00:00,4.51474528739048,10315.0
24-Oct-2016 00:00,25-Oct-2016 00:00,3.01476208534438,7006.0
25-Oct-2016 00:00,26-Oct-2016 00:00,4.03354015480101,9096.0
26-Oct-2016 00:00,27-Oct-2016 00:00,3.13254860637302,7036.0
27-Oct-2016 00:00,28-Oct-2016 00:00,4.95401001538474,11710.0
28-Oct-2016 00:00,29-Oct-2016 00:00,7.89938215270622,17814.0
29-Oct-2016 00:00,30-Oct-2016 00:00,8.7653977052096,19617.8400229173
30-Oct-2016 00:00,31-Oct-2016 00:00,0.518139906172666,1188.15997708273
31-Oct-2016 00:00,01-Nov-2016 00:00,4.02592688038579,8888.0
01-Nov-2016 00:00,02-Nov-2016 00:00,3.41518416515772,7411.44463380934
02-Nov-2016 00:00,03-Nov-2016 00:00,3.66769329118429,8189.55536619066
03-Nov-2016 00:00,04-Nov-2016 00:00,5.54995368420935,12716.0
04-Nov-2016 00:00,05-Nov-2016 00:00,4.11394650721943,9210.0
05-Nov-2016 00:00,06-Nov-2016 00:00,8.79521783760045,20280.0088025867
06-Nov-2016 00:00,07-Nov-2016 00:00,4.05489598874454,9574.99119741326
07-Nov-2016 00:00,08-Nov-2016 00:00,3.08265005342389,7074.0
08-Nov-2016 00:00,09-Nov-2016 00:00,3.69505540580631,8332.64124775065
09-Nov-2016 00:00,10-Nov-2016 00:00,4.81958225481596,10794.3587522493
10-Nov-2016 00:00,11-Nov-2016 00:00,4.7046366232706,10570.0
11-Nov-2016 00:00,12-Nov-2016 00:00,4.38006664543732,9511.90775490223
12-Nov-2016 00:00,13-Nov-2016 00:00,4.74311821738132,10795.0922450978
13-Nov-2016 00:00,14-Nov-2016 00:00,4.40216457270368,10199.0
14-Nov-2016 00:00,15-Nov-2016 00:00,4.72963564565901,10640.0
15-Nov-2016 00:00,16-Nov-2016 00:00,3.08466675067154,7339.0
16-Nov-2016 00:00,17-Nov-2016 00:00,4.39002843355804,9784.0
17-Nov-2016 00:00,18-Nov-2016 00:00,5.95311356109119,13720.0
18-Nov-2016 00:00,19-Nov-2016 00:00,3.9382096744265,9270.0
19-Nov-2016 00:00,20-Nov-2016 00:00,7.27727029543061,16032.0
20-Nov-2016 00:00,21-Nov-2016 00:00,4.09891175861324,9330.0
21-Nov-2016 00:00,22-Nov-2016 00:00,3.13798055594462,7010.0
22-Nov-2016 00:00,23-Nov-2016 00:00,3.2899052651417,7258.0
23-Nov-2016 00:00,24-Nov-2016 00:00,4.33730205891217,9797.27634630504
24-Nov-2016 00:00,25-Nov-2016 00:00,4.41721795022469,9919.72365369496
25-Nov-2016 00:00,26-Nov-2016 00:00,4.33020554412368,9683.0
26-Nov-2016 00:00,27-Nov-2016 00:00,4.33798173427785,9563.0
27-Nov-2016 00:00,28-Nov-2016 00:00,3.79691800571054,9062.05369380502
28-Nov-2016 00:00,29-Nov-2016 00:00,4.85762421999103,9706.94630619498
29-Nov-2016 00:00,30-Nov-2016 00:00,4.24882766374609,9520.0
30-Nov-2016 00:00,01-Dec-2016 00:00,3.33918943419819,8002.04394351015
01-Dec-2016 00:00,02-Dec-2016 00:00,6.02635220336143,14157.9560564899
02-Dec-2016 00:00,03-Dec-2016 00:00,6.03423964249557,13480.0
03-Dec-2016 00:00,04-Dec-2016 00:00,6.20115707740939,13499.0
04-Dec-2016 00:00,05-Dec-2016 00:00,4.22560292114805,10060.0
05-Dec-2016 00:00,06-Dec-2016 00:00,2.59499933735171,5633.0
06-Dec-2016 00:00,07-Dec-2016 00:00,4.78725098637118,10530.0
07-Dec-2016 00:00,08-Dec-2016 00:00,3.03627829139128,6679.0
08-Dec-2016 00:00,09-Dec-2016 00:00,5.49952546629449,11676.0
09-Dec-2016 00:00,10-Dec-2016 00:00,5.04514750634334,11218.234503413
10-Dec-2016 00:00,11-Dec-2016 00:00,5.10042044674272,11274.765496587
11-Dec-2016 00:00,12-Dec-2016 00:00,4.98490164402042,10923.0
12-Dec-2016 00:00,13-Dec-2016 00:00,4.50743397090779,10015.2612016175
13-Dec-2016 00:00,14-Dec-2016 00:00,5.80905048219938,12986.7387983825
14-Dec-2016 00:00,15-Dec-2016 00:00,5.96927403902718,13124.4866934621
15-Dec-2016 00:00,16-Dec-2016 00:00,3.57649869228554,7957.51330653785
16-Dec-2016 00:00,17-Dec-2016 00:00,2.48455893837616,5491.0
17-Dec-2016 00:00,18-Dec-2016 00:00,6.69945659747475,14845.0
18-Dec-2016 00:00,19-Dec-2016 00:00,2.51424983786179,5702.0
19-Dec-2016 00:00,20-Dec-2016 00:00,5.40326881938124,11668.0
20-Dec-2016 00:00,21-Dec-2016 00:00,4.50262569171977,9856.0
21-Dec-2016 00:00,22-Dec-2016 00:00,3.4503866741064,7477.5746464983
22-Dec-2016 00:00,23-Dec-2016 00:00,6.81828331595598,14611.4253535017
23-Dec-2016 00:00,24-Dec-2016 00:00,1.51569675792764,3318.0
24-Dec-2016 00:00,25-Dec-2016 00:00,1.21455917650862,2656.0
25-Dec-2016 00:00,26-Dec-2016 00:00,1.33059077213377,3073.0
26-Dec-2016 00:00,27-Dec-2016 00:00,0.953559464173788,2172.0
27-Dec-2016 00:00,28-Dec-2016 00:00,4.92832180980396,8498.0
28-Dec-2016 00:00,29-Dec-2016 00:00,0.23601041137694,530.0
29-Dec-2016 00:00,30-Dec-2016 00:00,1.04547502180078,2332.0
30-Dec-2016 00:00,31-Dec-2016 00:00,2.39944030256294,5573.0
31-Dec-2016 00:00,01-Jan-2017 00:00,0.802600468237083,1640.0
01-Jan-2017 00:00,02-Jan-2017 00:00,0.704078881873366,1572.0
02-Jan-2017 00:00,03-Jan-2017 00:00,0.296466546994004,678.0
03-Jan-2017 00:00,04-Jan-2017 00:00,0.492322926920446,1073.0
04-Jan-2017 00:00,05-Jan-2017 00:00,0.870534979332022,1960.0
05-Jan-2017 00:00,06-Jan-2017 00:00,0.676861823019285,1512.0
06-Jan-2017 00:00,07-Jan-2017 00:00,0.748058797005763,1724.0
07-Jan-2017 00:00,08-Jan-2017 00:00,1.8826493552062,4197.0
08-Jan-2017 00:00,09-Jan-2017 00:00,1.26086480012305,2774.0
09-Jan-2017 00:00,10-Jan-2017 00:00,0.118295320624581,271.0
10-Jan-2017 00:00,11-Jan-2017 00:00,0.528497592890899,1145.0
11-Jan-2017 00:00,12-Jan-2017 00:00,0.0733218780286704,168.0
12-Jan-2017 00:00,13-Jan-2017 00:00,1.63679843380042,3568.0
13-Jan-2017 00:00,14-Jan-2017 00:00,0.0263166089385917,58.0
14-Jan-2017 00:00,15-Jan-2017 00:00,3.16691309646474,7060.0
15-Jan-2017 00:00,16-Jan-2017 00:00,0.499290754812631,1084.0
16-Jan-2017 00:00,17-Jan-2017 00:00,2.29625022093289,5113.0
17-Jan-2017 00:00,18-Jan-2017 00:00,0.237720260751567,531.0
18-Jan-2017 00:00,19-Jan-2017 00:00,4.37467956354922,7806.0
19-Jan-2017 00:00,20-Jan-2017 00:00,0.185190914679946,428.0
20-Jan-2017 00:00,21-Jan-2017 00:00,0.329192027438866,733.0
21-Jan-2017 00:00,22-Jan-2017 00:00,0.356889220728743,824.0
22-Jan-2017 00:00,23-Jan-2017 00:00,2.76128854521833,6108.0
23-Jan-2017 00:00,24-Jan-2017 00:00,6.18714345092183,13982.0
24-Jan-2017 00:00,25-Jan-2017 00:00,4.90537386802641,11202.0
25-Jan-2017 00:00,26-Jan-2017 00:00,5.02492112047358,11212.0
26-Jan-2017 00:00,27-Jan-2017 00:00,4.2463505349774,9497.0
27-Jan-2017 00:00,28-Jan-2017 00:00,5.48364323475409,12515.6060035526
28-Jan-2017 00:00,29-Jan-2017 00:00,6.90008058872522,16010.0527831041
29-Jan-2017 00:00,30-Jan-2017 00:00,8.16922483903987,17428.3412133433
30-Jan-2017 00:00,31-Jan-2017 00:00,2.54719205371653,5628.0
31-Jan-2017 00:00,01-Feb-2017 00:00,3.36973767112447,7500.0
01-Feb-2017 00:00,02-Feb-2017 00:00,3.46198494762486,7421.0
02-Feb-2017 00:00,03-Feb-2017 00:00,3.13801589707021,7063.0
03-Feb-2017 00:00,04-Feb-2017 00:00,5.58024959625754,12382.0
04-Feb-2017 00:00,05-Feb-2017 00:00,4.72506780748906,11310.0
05-Feb-2017 00:00,06-Feb-2017 00:00,2.57200182674415,5695.0
06-Feb-2017 00:00,07-Feb-2017 00:00,4.76980367687993,10475.0
07-Feb-2017 00:00,08-Feb-2017 00:00,3.96776306850277,8839.0
08-Feb-2017 00:00,09-Feb-2017 00:00,4.31727917825955,9230.0
09-Feb-2017 00:00,10-Feb-2017 00:00,1.01278043608648,2276.0
10-Feb-2017 00:00,11-Feb-2017 00:00,6.31713640934779,13734.8251341393
11-Feb-2017 00:00,12-Feb-2017 00:00,5.42047880381992,12354.1748658607
12-Feb-2017 00:00,13-Feb-2017 00:00,2.7455846078006,6143.0
13-Feb-2017 00:00,14-Feb-2017 00:00,3.27126612286095,7242.0
14-Feb-2017 00:00,15-Feb-2017 00:00,3.63410122922842,7960.0
15-Feb-2017 00:00,16-Feb-2017 00:00,4.02743592008731,8700.0
16-Feb-2017 00:00,17-Feb-2017 00:00,3.3367610469659,7507.0
17-Feb-2017 00:00,18-Feb-2017 00:00,5.0658240124588,10975.0
18-Feb-2017 00:00,19-Feb-2017 00:00,8.03442261547496,17686.0
19-Feb-2017 00:00,20-Feb-2017 00:00,3.23680586773044,6960.0
20-Feb-2017 00:00,21-Feb-2017 00:00,4.51666622242658,10173.0
21-Feb-2017 00:00,22-Feb-2017 00:00,3.9669602522023,8552.09512454981
22-Feb-2017 00:00,23-Feb-2017 00:00,4.28910330557272,9427.90487545019
23-Feb-2017 00:00,24-Feb-2017 00:00,3.3662351947948,7567.0
24-Feb-2017 00:00,25-Feb-2017 00:00,1.93316270731242,4354.0
25-Feb-2017 00:00,26-Feb-2017 00:00,8.05208643809097,16145.0
26-Feb-2017 00:00,27-Feb-2017 00:00,3.63368005428296,8012.0
27-Feb-2017 00:00,28-Feb-2017 00:00,3.91626534211687,8822.0
28-Feb-2017 00:00,01-Mar-2017 00:00,2.79970056022474,6174.36741219029
01-Mar-2017 00:00,02-Mar-2017 00:00,2.45253371261556,5437.63258780971
02-Mar-2017 00:00,03-Mar-2017 00:00,1.6116687948095,3688.0
03-Mar-2017 00:00,04-Mar-2017 00:00,5.67368607872274,12619.0
04-Mar-2017 00:00,05-Mar-2017 00:00,5.72392425581234,12572.5066521244
05-Mar-2017 00:00,06-Mar-2017 00:00,3.47163163147258,7704.49334787558
06-Mar-2017 00:00,07-Mar-2017 00:00,4.32411855104965,9534.0
07-Mar-2017 00:00,08-Mar-2017 00:00,3.41033440372951,7483.0
08-Mar-2017 00:00,09-Mar-2017 00:00,3.43675173635986,7490.0
09-Mar-2017 00:00,10-Mar-2017 00:00,1.81640548414342,4060.0
10-Mar-2017 00:00,11-Mar-2017 00:00,2.86587110991847,6289.0
11-Mar-2017 00:00,12-Mar-2017 00:00,3.626344039489,8254.0
12-Mar-2017 00:00,13-Mar-2017 00:00,3.13435041892591,7032.0
13-Mar-2017 00:00,14-Mar-2017 00:00,2.14646487984499,4756.0
14-Mar-2017 00:00,15-Mar-2017 00:00,0.904366838635585,2015.0
15-Mar-2017 00:00,16-Mar-2017 00:00,3.18694117713264,7110.0
16-Mar-2017 00:00,17-Mar-2017 00:00,4.15515124915634,9162.0
17-Mar-2017 00:00,18-Mar-2017 00:00,5.52421428072522,11925.0
18-Mar-2017 00:00,19-Mar-2017 00:00,6.14623518197356,13684.0
19-Mar-2017 00:00,20-Mar-2017 00:00,2.65180292919373,5843.0
20-Mar-2017 00:00,21-Mar-2017 00:00,4.61270293990551,10397.0
21-Mar-2017 00:00,22-Mar-2017 00:00,2.9299920638934,6827.0
22-Mar-2017 00:00,23-Mar-2017 00:00,2.61000472076389,5855.0
23-Mar-2017 00:00,24-Mar-2017 00:00,2.12895303545379,4741.0
24-Mar-2017 00:00,25-Mar-2017 00:00,3.56814653261839,8053.0
25-Mar-2017 00:00,26-Mar-2017 00:00,2.53970113137528,5650.0
26-Mar-2017 00:00,27-Mar-2017 00:00,4.08731973710201,9111.0
27-Mar-2017 00:00,28-Mar-2017 00:00,5.04502904090327,10987.0
28-Mar-2017 00:00,29-Mar-2017 00:00,3.92318338841559,8964.0
29-Mar-2017 00:00,30-Mar-2017 00:00,7.35728008982345,16218.0
30-Mar-2017 00:00,31-Mar-2017 00:00,4.0977594392213,9054.0
31-Mar-2017 00:00,01-Apr-2017 00:00,3.0189074715876,6736.0
01-Apr-2017 00:00,02-Apr-2017 00:00,2.54994945069618,5709.0
02-Apr-2017 00:00,03-Apr-2017 00:00,2.08570983831149,4822.0
03-Apr-2017 00:00,04-Apr-2017 00:00,6.20542856294259,14233.6127687294
04-Apr-2017 00:00,05-Apr-2017 00:00,3.60547707792963,8369.38723127058
05-Apr-2017 00:00,06-Apr-2017 00:00,3.41088219830672,7974.0
06-Apr-2017 00:00,07-Apr-2017 00:00,3.04054793630445,6925.0
07-Apr-2017 00:00,08-Apr-2017 00:00,3.99147742296507,8902.0
08-Apr-2017 00:00,09-Apr-2017 00:00,6.10775944795986,14193.4667546683
09-Apr-2017 00:00,10-Apr-2017 00:00,10.8059572072406,22988.5332453317
10-Apr-2017 00:00,11-Apr-2017 00:00,4.82302884537449,10688.9554911548
11-Apr-2017 00:00,12-Apr-2017 00:00,3.24267261205108,7286.04450884521
12-Apr-2017 00:00,13-Apr-2017 00:00,3.36578428875356,7488.0
13-Apr-2017 00:00,14-Apr-2017 00:00,3.32464320493684,7616.0
14-Apr-2017 00:00,15-Apr-2017 00:00,6.05998333176992,13601.3605368057
15-Apr-2017 00:00,16-Apr-2017 00:00,5.79973748725363,12426.6610062852
16-Apr-2017 00:00,17-Apr-2017 00:00,7.4402193431346,15988.9784569091
17-Apr-2017 00:00,18-Apr-2017 00:00,6.29053637519684,14043.0
18-Apr-2017 00:00,19-Apr-2017 00:00,3.07177241840733,6801.0
19-Apr-2017 00:00,20-Apr-2017 00:00,4.89831991373623,10824.0
20-Apr-2017 00:00,21-Apr-2017 00:00,3.49299530730938,7694.0
21-Apr-2017 00:00,22-Apr-2017 00:00,3.44020898227526,8270.0
22-Apr-2017 00:00,23-Apr-2017 00:00,6.9158507083682,15110.0
23-Apr-2017 00:00,24-Apr-2017 00:00,4.17776352699539,9078.0
24-Apr-2017 00:00,25-Apr-2017 00:00,6.07024856616603,13402.0
25-Apr-2017 00:00,26-Apr-2017 00:00,2.69569672576701,6446.0
26-Apr-2017 00:00,27-Apr-2017 00:00,4.70867560274557,10986.0
27-Apr-2017 00:00,28-Apr-2017 00:00,3.26922221517453,7126.0
28-Apr-2017 00:00,29-Apr-2017 00:00,6.57692328609817,13179.0
29-Apr-2017 00:00,30-Apr-2017 00:00,6.43573180224667,14293.2096723237
30-Apr-2017 00:00,01-May-2017 00:00,6.7473071139895,15733.7903276763
01-May-2017 00:00,02-May-2017 00:00,2.89744641774586,6566.0
02-May-2017 00:00,03-May-2017 00:00,3.33572897647158,7563.0
03-May-2017 00:00,04-May-2017 00:00,3.57184328129493,7645.19732203893
04-May-2017 00:00,05-May-2017 00:00,8.47389218556545,19079.8026779611
05-May-2017 00:00,06-May-2017 00:00,4.78083166627286,10367.0
06-May-2017 00:00,07-May-2017 00:00,4.47922375822373,10150.0
07-May-2017 00:00,08-May-2017 00:00,5.66366470444826,12553.0
08-May-2017 00:00,09-May-2017 00:00,3.50825781118472,7802.0
09-May-2017 00:00,10-May-2017 00:00,3.31877704003863,7602.0
10-May-2017 00:00,11-May-2017 00:00,5.01355042781107,11598.0
11-May-2017 00:00,12-May-2017 00:00,5.3354275683576,12566.0
12-May-2017 00:00,13-May-2017 00:00,4.60980524428937,10933.0
13-May-2017 00:00,14-May-2017 00:00,4.32322051585699,9687.0
14-May-2017 00:00,15-May-2017 00:00,3.04362295828182,7175.11720797384
15-May-2017 00:00,16-May-2017 00:00,5.71428316380092,13418.8827920262
16-May-2017 00:00,17-May-2017 00:00,3.72689189243702,9215.0
17-May-2017 00:00,18-May-2017 00:00,8.51949035606268,19138.0
18-May-2017 00:00,19-May-2017 00:00,4.77819158077705,10326.3561925853
19-May-2017 00:00,20-May-2017 00:00,11.1107487550196,24840.6438074147
20-May-2017 00:00,21-May-2017 00:00,6.34390613799175,14339.0
21-May-2017 00:00,22-May-2017 00:00,3.5825092967289,8113.0
22-May-2017 00:00,23-May-2017 00:00,6.19596376790099,13491.4424070258
23-May-2017 00:00,24-May-2017 00:00,3.22989280937646,7336.55759297422
24-May-2017 00:00,25-May-2017 00:00,2.59409068753688,5675.0
25-May-2017 00:00,26-May-2017 00:00,2.31062065546166,5096.0
26-May-2017 00:00,27-May-2017 00:00,3.34057612691902,7130.0
27-May-2017 00:00,28-May-2017 00:00,7.05773040663468,15676.0
28-May-2017 00:00,29-May-2017 00:00,2.95693971440535,6540.0
29-May-2017 00:00,30-May-2017 00:00,8.40043576614754,18825.0
30-May-2017 00:00,31-May-2017 00:00,5.4290500084479,12379.0
31-May-2017 00:00,01-Jun-2017 00:00,4.58371848914015,10153.0
01-Jun-2017 00:00,02-Jun-2017 00:00,2.31396273316749,5119.0
02-Jun-2017 00:00,03-Jun-2017 00:00,0.521882847223843,1188.0
03-Jun-2017 00:00,04-Jun-2017 00:00,0.13260928431887,304.0
04-Jun-2017 00:00,05-Jun-2017 00:00,0.259208660217928,579.0
05-Jun-2017 00:00,06-Jun-2017 00:00,0.509363470724472,1133.0
06-Jun-2017 00:00,07-Jun-2017 00:00,0.604883407824405,1353.0
07-Jun-2017 00:00,08-Jun-2017 00:00,1.03614949009088,2329.0
08-Jun-2017 00:00,09-Jun-2017 00:00,0.986493850602196,2222.0
09-Jun-2017 00:00,10-Jun-2017 00:00,0.791352577416444,1729.0
10-Jun-2017 00:00,11-Jun-2017 00:00,0.502268494190876,1117.0
11-Jun-2017 00:00,12-Jun-2017 00:00,0.761610374613315,1712.2554933688
12-Jun-2017 00:00,13-Jun-2017 00:00,0.781756467104178,1767.23866610357
13-Jun-2017 00:00,14-Jun-2017 00:00,0.16551206178521,381.505840527628
14-Jun-2017 00:00,15-Jun-2017 00:00,1.00882635827604,2273.0
15-Jun-2017 00:00,16-Jun-2017 00:00,0.113508294071928,255.0
16-Jun-2017 00:00,17-Jun-2017 00:00,0.457358402410585,1023.0
17-Jun-2017 00:00,18-Jun-2017 00:00,1.72713711827857,4120.0
18-Jun-2017 00:00,19-Jun-2017 00:00,0.910801191852842,2139.0
19-Jun-2017 00:00,20-Jun-2017 00:00,0.208508925170929,457.0
20-Jun-2017 00:00,21-Jun-2017 00:00,0.374530390467333,820.0
21-Jun-2017 00:00,22-Jun-2017 00:00,1.12660832136996,2531.0
22-Jun-2017 00:00,23-Jun-2017 00:00,0.0924128855813997,199.0
23-Jun-2017 00:00,24-Jun-2017 00:00,0.251050167638852,560.0
24-Jun-2017 00:00,25-Jun-2017 00:00,0.53421947660834,1195.0
25-Jun-2017 00:00,26-Jun-2017 00:00,0.35936647935972,842.0
26-Jun-2017 00:00,27-Jun-2017 00:00,0.528177087843112,1201.0
27-Jun-2017 00:00,28-Jun-2017 00:00,0.739978408520871,1623.40138142149
28-Jun-2017 00:00,29-Jun-2017 00:00,0.435813784487334,987.598618578508
29-Jun-2017 00:00,30-Jun-2017 00:00,0.109314482437601,248.0
30-Jun-2017 00:00,01-Jul-2017 00:00,0.268561046685306,637.0
01-Jul-2017 00:00,02-Jul-2017 00:00,1.81918623599353,4166.0
02-Jul-2017 00:00,03-Jul-2017 00:00,0.529115655618029,1197.0
03-Jul-2017 00:00,04-Jul-2017 00:00,2.18282922380975,4986.0
04-Jul-2017 00:00,05-Jul-2017 00:00,0.345487297899806,785.0
05-Jul-2017 00:00,06-Jul-2017 00:00,0.574843062762468,1297.0
06-Jul-2017 00:00,07-Jul-2017 00:00,0.35496774076113,827.0
07-Jul-2017 00:00,08-Jul-2017 00:00,0.478656378865573,1077.0
08-Jul-2017 00:00,09-Jul-2017 00:00,0.917579230164489,2107.0
09-Jul-2017 00:00,10-Jul-2017 00:00,1.86087813105386,3933.0
10-Jul-2017 00:00,11-Jul-2017 00:00,0.600531975788845,1346.0
11-Jul-2017 00:00,12-Jul-2017 00:00,0.452181959657354,1027.0
12-Jul-2017 00:00,13-Jul-2017 00:00,1.65113788471186,3811.0
13-Jul-2017 00:00,14-Jul-2017 00:00,0.259362903028694,598.0
14-Jul-2017 00:00,15-Jul-2017 00:00,0.0302029031056388,73.0
15-Jul-2017 00:00,16-Jul-2017 00:00,1.73411002285416,3927.0
16-Jul-2017 00:00,17-Jul-2017 00:00,0.431536188050274,988.0
17-Jul-2017 00:00,18-Jul-2017 00:00,0.426130320947952,978.0
18-Jul-2017 00:00,19-Jul-2017 00:00,2.80446960713976,4962.0
19-Jul-2017 00:00,20-Jul-2017 00:00,0.311140582148799,711.0
20-Jul-2017 00:00,21-Jul-2017 00:00,0.420957262339655,968.0
21-Jul-2017 00:00,22-Jul-2017 00:00,1.46003467430355,3324.0
22-Jul-2017 00:00,23-Jul-2017 00:00,0.774543006827153,1739.0
23-Jul-2017 00:00,24-Jul-2017 00:00,0.457191424854281,1016.0
24-Jul-2017 00:00,25-Jul-2017 00:00,0.415777571012552,930.0
25-Jul-2017 00:00,26-Jul-2017 00:00,0.629491815280936,1420.0
26-Jul-2017 00:00,27-Jul-2017 00:00,0.133425461072619,296.0
27-Jul-2017 00:00,28-Jul-2017 00:00,0.450407117741354,1017.0
28-Jul-2017 00:00,29-Jul-2017 00:00,1.36258695871957,3083.0
29-Jul-2017 00:00,30-Jul-2017 00:00,4.30674175273669,8469.0
30-Jul-2017 00:00,31-Jul-2017 00:00,0.3504653404972,799.0
31-Jul-2017 00:00,01-Aug-2017 00:00,0.52010753277988,1204.0
01-Aug-2017 00:00,02-Aug-2017 00:00,0.367231542240703,848.0
02-Aug-2017 00:00,03-Aug-2017 00:00,0.350447887469508,824.0
03-Aug-2017 00:00,04-Aug-2017 00:00,0.231257927228708,566.0
04-Aug-2017 00:00,05-Aug-2017 00:00,1.04337346483914,2384.0
05-Aug-2017 00:00,06-Aug-2017 00:00,0.28382741360905,657.0
06-Aug-2017 00:00,07-Aug-2017 00:00,0.33806501774288,760.0
07-Aug-2017 00:00,08-Aug-2017 00:00,0.0999074217384927,231.948631963814
08-Aug-2017 00:00,09-Aug-2017 00:00,0.567463601969735,1299.05136803619
09-Aug-2017 00:00,10-Aug-2017 00:00,1.00073235219753,2287.0
10-Aug-2017 00:00,11-Aug-2017 00:00,0.118692563270047,287.0
11-Aug-2017 00:00,12-Aug-2017 00:00,0.34343430747391,789.0
12-Aug-2017 00:00,13-Aug-2017 00:00,2.08020885403366,4722.0
13-Aug-2017 00:00,14-Aug-2017 00:00,4.255085285019,9431.0
14-Aug-2017 00:00,15-Aug-2017 00:00,2.22131214274744,4847.0
15-Aug-2017 00:00,16-Aug-2017 00:00,1.44789044002418,3178.0
16-Aug-2017 00:00,17-Aug-2017 00:00,3.87759892355679,8658.0
17-Aug-2017 00:00,18-Aug-2017 00:00,2.44654297701802,5551.0
18-Aug-2017 00:00,19-Aug-2017 00:00,6.12113042152799,13464.0
19-Aug-2017 00:00,20-Aug-2017 00:00,3.5593599669381,7954.0
20-Aug-2017 00:00,21-Aug-2017 00:00,5.71166820147244,12686.0
21-Aug-2017 00:00,22-Aug-2017 00:00,1.93342845460851,4293.0
22-Aug-2017 00:00,23-Aug-2017 00:00,2.27432489346072,5108.0
23-Aug-2017 00:00,24-Aug-2017 00:00,1.3407521640273,3118.0
24-Aug-2017 00:00,25-Aug-2017 00:00,1.76287159067243,3991.0
25-Aug-2017 00:00,26-Aug-2017 00:00,3.90543629966175,8698.30726488866
26-Aug-2017 00:00,27-Aug-2017 00:00,3.01684644619207,6743.69273511134
27-Aug-2017 00:00,28-Aug-2017 00:00,3.47818396001318,7994.0
28-Aug-2017 00:00,29-Aug-2017 00:00,2.23910925320911,5041.0
29-Aug-2017 00:00,30-Aug-2017 00:00,2.29727970174806,5131.0
30-Aug-2017 00:00,31-Aug-2017 00:00,5.1924984539551,10024.0
31-Aug-2017 00:00,01-Sep-2017 00:00,1.70239973872702,3762.0
01-Sep-2017 00:00,02-Sep-2017 00:00,2.72240728757614,6044.0
02-Sep-2017 00:00,03-Sep-2017 00:00,3.56198840223493,7837.0
03-Sep-2017 00:00,04-Sep-2017 00:00,4.12694840843163,9629.0
04-Sep-2017 00:00,05-Sep-2017 00:00,0.902666180731239,2011.0
05-Sep-2017 00:00,06-Sep-2017 00:00,6.22092669972264,12070.0
06-Sep-2017 00:00,07-Sep-2017 00:00,2.74840240702324,6206.0
07-Sep-2017 00:00,08-Sep-2017 00:00,3.34144844273286,7394.0
08-Sep-2017 00:00,09-Sep-2017 00:00,5.20758803450125,9421.0
09-Sep-2017 00:00,10-Sep-2017 00:00,2.94864349886981,6545.0
10-Sep-2017 00:00,11-Sep-2017 00:00,0.13661079238434,317.0
11-Sep-2017 00:00,12-Sep-2017 00:00,2.02172925825452,4558.0
12-Sep-2017 00:00,13-Sep-2017 00:00,5.02442830421503,11143.0
13-Sep-2017 00:00,14-Sep-2017 00:00,1.64869481382027,3748.0
14-Sep-2017 00:00,15-Sep-2017 00:00,3.93710566589603,8485.0
15-Sep-2017 00:00,16-Sep-2017 00:00,3.57865550142703,8182.93425299138
16-Sep-2017 00:00,17-Sep-2017 00:00,6.49427602479045,14105.0657470086
17-Sep-2017 00:00,18-Sep-2017 00:00,4.49732719334463,8190.0
18-Sep-2017 00:00,19-Sep-2017 00:00,3.0345978672754,6624.0
19-Sep-2017 00:00,20-Sep-2017 00:00,2.74017701891038,5997.0
20-Sep-2017 00:00,21-Sep-2017 00:00,2.39995422703482,5511.0
21-Sep-2017 00:00,22-Sep-2017 00:00,3.07438885075587,6671.0
22-Sep-2017 00:00,23-Sep-2017 00:00,2.29533824342784,5120.0
23-Sep-2017 00:00,24-Sep-2017 00:00,5.69633711340346,10944.2379137865
24-Sep-2017 00:00,25-Sep-2017 00:00,3.85772868641742,8597.7620862135
25-Sep-2017 00:00,26-Sep-2017 00:00,4.81053676537151,10490.0
26-Sep-2017 00:00,27-Sep-2017 00:00,2.04480633920488,4572.0
27-Sep-2017 00:00,28-Sep-2017 00:00,3.0554049252729,6708.0
28-Sep-2017 00:00,29-Sep-2017 00:00,3.79842587822063,8217.0
29-Sep-2017 00:00,30-Sep-2017 00:00,5.32323856750423,11597.0
30-Sep-2017 00:00,01-Oct-2017 00:00,3.69363813313575,8104.0
01-Oct-2017 00:00,02-Oct-2017 00:00,2.90368645419746,6662.0
02-Oct-2017 00:00,03-Oct-2017 00:00,2.60817801346859,5761.0
03-Oct-2017 00:00,04-Oct-2017 00:00,2.84685267136582,6238.0
04-Oct-2017 00:00,05-Oct-2017 00:00,3.01766174484032,6862.0
05-Oct-2017 00:00,06-Oct-2017 00:00,1.90474467131194,4255.0
06-Oct-2017 00:00,07-Oct-2017 00:00,4.40784324366087,9618.13482996512
07-Oct-2017 00:00,08-Oct-2017 00:00,6.55599055695185,14317.8651700349
08-Oct-2017 00:00,09-Oct-2017 00:00,4.66496550823142,10442.0
09-Oct-2017 00:00,10-Oct-2017 00:00,5.64119738071767,11205.0
10-Oct-2017 00:00,11-Oct-2017 00:00,2.15562114326825,4833.0
11-Oct-2017 00:00,12-Oct-2017 00:00,3.47143983400147,8118.0
12-Oct-2017 00:00,13-Oct-2017 00:00,2.86237198394405,6343.0
13-Oct-2017 00:00,14-Oct-2017 00:00,3.1658482619768,7330.54875307953
14-Oct-2017 00:00,15-Oct-2017 00:00,5.43796581088272,11013.4512469205
15-Oct-2017 00:00,16-Oct-2017 00:00,3.64859921973424,7925.0
16-Oct-2017 00:00,17-Oct-2017 00:00,2.33145008020251,5296.0
17-Oct-2017 00:00,18-Oct-2017 00:00,4.1179864896325,9166.0
18-Oct-2017 00:00,19-Oct-2017 00:00,4.75883912059058,10119.0
19-Oct-2017 00:00,20-Oct-2017 00:00,4.43567354354595,9475.0
20-Oct-2017 00:00,21-Oct-2017 00:00,1.31594255967655,2924.0
21-Oct-2017 00:00,22-Oct-2017 00:00,3.02537458362275,6678.0
22-Oct-2017 00:00,23-Oct-2017 00:00,5.41265468534981,10377.0
23-Oct-2017 00:00,24-Oct-2017 00:00,2.79903488624562,6408.0
24-Oct-2017 00:00,25-Oct-2017 00:00,2.17418681831986,4767.0
25-Oct-2017 00:00,26-Oct-2017 00:00,1.84173178636066,4255.0
26-Oct-2017 00:00,27-Oct-2017 00:00,3.18031116321213,7130.0
27-Oct-2017 00:00,28-Oct-2017 00:00,2.82871572257782,6508.0
28-Oct-2017 00:00,29-Oct-2017 00:00,4.17548370353842,9317.10989099913
29-Oct-2017 00:00,30-Oct-2017 00:00,2.35050898945047,5476.89010900088
30-Oct-2017 00:00,31-Oct-2017 00:00,3.12610169604696,6877.0
31-Oct-2017 00:00,01-Nov-2017 00:00,1.93507416685839,4331.0
01-Nov-2017 00:00,02-Nov-2017 00:00,4.81080345911298,10766.0
02-Nov-2017 00:00,03-Nov-2017 00:00,3.4036496759227,7554.56376428575
03-Nov-2017 00:00,04-Nov-2017 00:00,2.00296149734123,4355.43623571425
04-Nov-2017 00:00,05-Nov-2017 00:00,4.15459124456523,9498.0
05-Nov-2017 00:00,06-Nov-2017 00:00,3.4180393860998,7356.0
06-Nov-2017 00:00,07-Nov-2017 00:00,2.51107283463622,5760.0
07-Nov-2017 00:00,08-Nov-2017 00:00,4.09515165202145,9021.0
08-Nov-2017 00:00,09-Nov-2017 00:00,2.54905725561328,5678.0
09-Nov-2017 00:00,10-Nov-2017 00:00,1.86447397200036,4267.0
10-Nov-2017 00:00,11-Nov-2017 00:00,6.67415041473703,14526.9614117567
11-Nov-2017 00:00,12-Nov-2017 00:00,3.39942008630733,7294.37432720591
12-Nov-2017 00:00,13-Nov-2017 00:00,2.84878318998339,6292.66426103743
13-Nov-2017 00:00,14-Nov-2017 00:00,2.47220046020999,5679.0
14-Nov-2017 00:00,15-Nov-2017 00:00,4.81899992413505,11067.0
15-Nov-2017 00:00,16-Nov-2017 00:00,1.96022105900344,4394.0
16-Nov-2017 00:00,17-Nov-2017 00:00,1.90403401008855,4464.0
17-Nov-2017 00:00,18-Nov-2017 00:00,2.4306510354966,5614.0
18-Nov-2017 00:00,19-Nov-2017 00:00,2.43968917065384,5481.0
19-Nov-2017 00:00,20-Nov-2017 00:00,2.67394451857829,6211.0
20-Nov-2017 00:00,21-Nov-2017 00:00,1.7414983993414,3892.0
21-Nov-2017 00:00,22-Nov-2017 00:00,2.35437006318788,5644.0
22-Nov-2017 00:00,23-Nov-2017 00:00,2.17885072127163,4796.0
23-Nov-2017 00:00,24-Nov-2017 00:00,0.614921359255904,1399.0
24-Nov-2017 00:00,25-Nov-2017 00:00,0.143710729339077,325.0
25-Nov-2017 00:00,26-Nov-2017 00:00,1.52292951314658,3648.0
26-Nov-2017 00:00,27-Nov-2017 00:00,1.228097739128,2790.0
27-Nov-2017 00:00,28-Nov-2017 00:00,0.875108118591847,1881.0
28-Nov-2017 00:00,29-Nov-2017 00:00,1.99986405155752,4656.0
29-Nov-2017 00:00,30-Nov-2017 00:00,2.89844184957713,6439.0
30-Nov-2017 00:00,01-Dec-2017 00:00,2.19662172909951,4979.0
01-Dec-2017 00:00,02-Dec-2017 00:00,1.87930555425638,4300.0
02-Dec-2017 00:00,03-Dec-2017 00:00,5.85284997736431,12981.0
03-Dec-2017 00:00,04-Dec-2017 00:00,0.138056623303361,305.0
04-Dec-2017 00:00,05-Dec-2017 00:00,2.04234660174368,4528.0
05-Dec-2017 00:00,06-Dec-2017 00:00,2.03773711523968,4478.0
06-Dec-2017 00:00,07-Dec-2017 00:00,4.35713439686957,9521.0
07-Dec-2017 00:00,08-Dec-2017 00:00,2.87233495848127,6300.0
08-Dec-2017 00:00,09-Dec-2017 00:00,3.98101689520543,8887.0
09-Dec-2017 00:00,10-Dec-2017 00:00,2.07894289846239,4790.5960108181
10-Dec-2017 00:00,11-Dec-2017 00:00,4.16496610296089,9416.4039891819
11-Dec-2017 00:00,12-Dec-2017 00:00,3.49548625422993,7811.0
12-Dec-2017 00:00,13-Dec-2017 00:00,2.96636904179886,6540.0
13-Dec-2017 00:00,14-Dec-2017 00:00,2.85298233315614,6402.0
14-Dec-2017 00:00,15-Dec-2017 00:00,2.61436040754457,6264.0
15-Dec-2017 00:00,16-Dec-2017 00:00,2.44363057656249,5515.0
16-Dec-2017 00:00,17-Dec-2017 00:00,2.83740455737148,6679.0
17-Dec-2017 00:00,18-Dec-2017 00:00,1.79589943144435,4226.0
18-Dec-2017 00:00,19-Dec-2017 00:00,2.66598688657063,6248.0
19-Dec-2017 00:00,20-Dec-2017 00:00,3.31829812852795,7564.0
20-Dec-2017 00:00,21-Dec-2017 00:00,1.13473564383574,2686.0
21-Dec-2017 00:00,22-Dec-2017 00:00,0.655993995057641,1632.0
22-Dec-2017 00:00,23-Dec-2017 00:00,0.847767786116044,1977.0
23-Dec-2017 00:00,24-Dec-2017 00:00,5.77920504212817,11467.0
24-Dec-2017 00:00,25-Dec-2017 00:00,0.772550803296698,1802.0
25-Dec-2017 00:00,26-Dec-2017 00:00,0.578720273596874,1295.0
26-Dec-2017 00:00,27-Dec-2017 00:00,1.20762869838817,2759.0
27-Dec-2017 00:00,28-Dec-2017 00:00,0.0882719915684023,194.0
28-Dec-2017 00:00,29-Dec-2017 00:00,0.106652151435118,241.0
29-Dec-2017 00:00,30-Dec-2017 00:00,0.110175326094768,244.0
30-Dec-2017 00:00,31-Dec-2017 00:00,0.509295830074294,1141.0
31-Dec-2017 00:00,01-Jan-2018 00:00,0.289726745803356,630.0
01-Jan-2018 00:00,02-Jan-2018 00:00,0.141057474349658,318.0
02-Jan-2018 00:00,03-Jan-2018 00:00,1.99358111559947,4457.0
03-Jan-2018 00:00,04-Jan-2018 00:00,3.99276705192929,9095.0
04-Jan-2018 00:00,05-Jan-2018 00:00,0.49138655252456,1189.0
05-Jan-2018 00:00,06-Jan-2018 00:00,0.045552722102375,103.0
06-Jan-2018 00:00,07-Jan-2018 00:00,3.24544184936984,7277.0
07-Jan-2018 00:00,08-Jan-2018 00:00,1.14482049828632,2573.0
08-Jan-2018 00:00,09-Jan-2018 00:00,2.48514974566591,5889.0
09-Jan-2018 00:00,10-Jan-2018 00:00,3.68443912550691,8188.0
10-Jan-2018 00:00,11-Jan-2018 00:00,2.29755105185154,5182.0
11-Jan-2018 00:00,12-Jan-2018 00:00,2.44373790037823,5459.0
12-Jan-2018 00:00,13-Jan-2018 00:00,3.57767735707421,8401.0
13-Jan-2018 00:00,14-Jan-2018 00:00,4.51624866813069,10248.562657628
14-Jan-2018 00:00,15-Jan-2018 00:00,4.58274123983893,10239.437342372
15-Jan-2018 00:00,16-Jan-2018 00:00,3.60759403290796,8030.0
16-Jan-2018 00:00,17-Jan-2018 00:00,3.03285065217986,6831.0
17-Jan-2018 00:00,18-Jan-2018 00:00,3.2916703948702,7377.0
18-Jan-2018 00:00,19-Jan-2018 00:00,3.8025535340986,8464.77455372233
19-Jan-2018 00:00,20-Jan-2018 00:00,4.19179585508766,9295.22544627767
20-Jan-2018 00:00,21-Jan-2018 00:00,2.54676134034148,5535.6387057303
21-Jan-2018 00:00,22-Jan-2018 00:00,3.84906744923554,9135.3612942697
22-Jan-2018 00:00,23-Jan-2018 00:00,2.30530576432602,5140.0
23-Jan-2018 00:00,24-Jan-2018 00:00,2.48137386821196,5765.0
24-Jan-2018 00:00,25-Jan-2018 00:00,3.35789260211734,7869.0
25-Jan-2018 00:00,26-Jan-2018 00:00,3.59700275301801,8241.0
26-Jan-2018 00:00,27-Jan-2018 00:00,2.19199674879822,5026.0
27-Jan-2018 00:00,28-Jan-2018 00:00,2.41791672229259,5693.11191740036
28-Jan-2018 00:00,29-Jan-2018 00:00,2.15585849093391,4591.88808259964
29-Jan-2018 00:00,30-Jan-2018 00:00,3.32506057981841,7947.0
30-Jan-2018 00:00,31-Jan-2018 00:00,2.66189072340433,6139.0
31-Jan-2018 00:00,01-Feb-2018 00:00,3.89999033679162,8856.0
01-Feb-2018 00:00,02-Feb-2018 00:00,2.63685079137465,6083.0
02-Feb-2018 00:00,03-Feb-2018 00:00,3.41958665514084,7600.0
03-Feb-2018 00:00,04-Feb-2018 00:00,1.28912153025842,2815.0
04-Feb-2018 00:00,05-Feb-2018 00:00,2.51226320582043,6328.0
05-Feb-2018 00:00,06-Feb-2018 00:00,3.70904542470713,8400.0
06-Feb-2018 00:00,07-Feb-2018 00:00,3.07522375204794,7215.0
07-Feb-2018 00:00,08-Feb-2018 00:00,1.87107914776336,4192.0
08-Feb-2018 00:00,09-Feb-2018 00:00,4.39984222688354,10101.0
09-Feb-2018 00:00,10-Feb-2018 00:00,1.8514086073773,4126.0
10-Feb-2018 00:00,11-Feb-2018 00:00,4.35319648729553,9966.0
11-Feb-2018 00:00,12-Feb-2018 00:00,4.52561468141932,10010.0
12-Feb-2018 00:00,13-Feb-2018 00:00,2.79315050106831,6364.0
13-Feb-2018 00:00,14-Feb-2018 00:00,3.00306833094219,6885.0
14-Feb-2018 00:00,15-Feb-2018 00:00,4.05818147019182,9233.0
15-Feb-2018 00:00,16-Feb-2018 00:00,3.16005776266176,6892.0
16-Feb-2018 00:00,17-Feb-2018 00:00,2.15169663980251,4767.0
17-Feb-2018 00:00,18-Feb-2018 00:00,4.26916577497688,9661.0
18-Feb-2018 00:00,19-Feb-2018 00:00,8.63468571017911,18623.0
19-Feb-2018 00:00,20-Feb-2018 00:00,7.81224913472151,17346.0
20-Feb-2018 00:00,21-Feb-2018 00:00,3.72044924375974,8391.0
21-Feb-2018 00:00,22-Feb-2018 00:00,4.39152029399897,8433.0
22-Feb-2018 00:00,23-Feb-2018 00:00,2.64276284060448,5829.0
23-Feb-2018 00:00,24-Feb-2018 00:00,2.37551200665169,5082.0
24-Feb-2018 00:00,25-Feb-2018 00:00,3.82623271828302,8384.48859999854
25-Feb-2018 00:00,26-Feb-2018 00:00,2.48069828007063,5707.51140000146
26-Feb-2018 00:00,27-Feb-2018 00:00,4.1868839065787,9202.0
27-Feb-2018 00:00,28-Feb-2018 00:00,2.41576070746031,5276.0
28-Feb-2018 00:00,01-Mar-2018 00:00,2.62992250257894,5871.0
01-Mar-2018 00:00,02-Mar-2018 00:00,2.10130960191259,4587.0
02-Mar-2018 00:00,03-Mar-2018 00:00,2.14285447982608,5026.0
03-Mar-2018 00:00,04-Mar-2018 00:00,2.54505888212467,5696.89421319903
04-Mar-2018 00:00,05-Mar-2018 00:00,2.18295678593661,4903.10578680097
05-Mar-2018 00:00,06-Mar-2018 00:00,3.62525351943502,8447.0
06-Mar-2018 00:00,07-Mar-2018 00:00,2.3053368328887,5242.0
07-Mar-2018 00:00,08-Mar-2018 00:00,1.50660231290447,3389.0
08-Mar-2018 00:00,09-Mar-2018 00:00,0.470614113572881,1043.0
09-Mar-2018 00:00,10-Mar-2018 00:00,4.08893313049723,9011.0
10-Mar-2018 00:00,11-Mar-2018 00:00,3.46303835597938,7561.0
11-Mar-2018 00:00,12-Mar-2018 00:00,1.4282969722268,3102.0
12-Mar-2018 00:00,13-Mar-2018 00:00,3.9270171742081,8737.0
13-Mar-2018 00:00,14-Mar-2018 00:00,0.0894028871381701,208.0
14-Mar-2018 00:00,15-Mar-2018 00:00,2.25398952073576,4932.0
15-Mar-2018 00:00,16-Mar-2018 00:00,2.73687912589666,6116.0
16-Mar-2018 00:00,17-Mar-2018 00:00,2.96470320075576,6411.0
17-Mar-2018 00:00,18-Mar-2018 00:00,3.02070900208707,6904.0
18-Mar-2018 00:00,19-Mar-2018 00:00,1.06587528831557,2353.0
19-Mar-2018 00:00,20-Mar-2018 00:00,2.34442432079028,5471.0
20-Mar-2018 00:00,21-Mar-2018 00:00,3.51609778651495,7734.0
21-Mar-2018 00:00,22-Mar-2018 00:00,2.46325954723777,5748.85019718166
22-Mar-2018 00:00,23-Mar-2018 00:00,3.04264848814234,6780.35351730249
23-Mar-2018 00:00,24-Mar-2018 00:00,2.7904213875634,6261.79628551585
24-Mar-2018 00:00,25-Mar-2018 00:00,5.56888608068683,13046.6601678113
25-Mar-2018 00:00,26-Mar-2018 00:00,3.49317030599956,7907.33983218865
26-Mar-2018 00:00,27-Mar-2018 00:00,2.33464069831413,5136.0
27-Mar-2018 00:00,28-Mar-2018 00:00,2.70984326531995,6051.0
28-Mar-2018 00:00,29-Mar-2018 00:00,3.53918118188022,8132.0
29-Mar-2018 00:00,30-Mar-2018 00:00,4.31058576805498,9696.0
30-Mar-2018 00:00,31-Mar-2018 00:00,2.15482208899885,4717.0
31-Mar-2018 00:00,01-Apr-2018 00:00,6.11659275355689,12673.0
01-Apr-2018 00:00,02-Apr-2018 00:00,2.05736130728413,4708.0
02-Apr-2018 00:00,03-Apr-2018 00:00,3.09068788275538,6874.0
03-Apr-2018 00:00,04-Apr-2018 00:00,3.63661218481279,8327.0
04-Apr-2018 00:00,05-Apr-2018 00:00,3.21387364178776,7075.0
05-Apr-2018 00:00,06-Apr-2018 00:00,2.92250183875561,6353.0
06-Apr-2018 00:00,07-Apr-2018 00:00,3.12096709195472,6819.43315387924
07-Apr-2018 00:00,08-Apr-2018 00:00,3.32089920491954,7247.56684612076
08-Apr-2018 00:00,09-Apr-2018 00:00,1.29742113187146,2912.0
09-Apr-2018 00:00,10-Apr-2018 00:00,2.39103261118417,5357.0
10-Apr-2018 00:00,11-Apr-2018 00:00,5.34336972083111,11707.0
11-Apr-2018 00:00,12-Apr-2018 00:00,2.30856219630929,5170.0
12-Apr-2018 00:00,13-Apr-2018 00:00,3.13300947465193,6826.0
13-Apr-2018 00:00,14-Apr-2018 00:00,4.26155413820577,9388.0
14-Apr-2018 00:00,15-Apr-2018 00:00,3.65642509076821,8201.27720329226
15-Apr-2018 00:00,16-Apr-2018 00:00,4.47317068470374,10405.7227967077
16-Apr-2018 00:00,17-Apr-2018 00:00,7.27967696286708,15589.0
17-Apr-2018 00:00,18-Apr-2018 00:00,4.67734966521081,10638.5180976017
18-Apr-2018 00:00,19-Apr-2018 00:00,6.70842613504302,14529.4819023983
19-Apr-2018 00:00,20-Apr-2018 00:00,4.27576948531901,9486.0
20-Apr-2018 00:00,21-Apr-2018 00:00,1.05116121847345,2344.0
21-Apr-2018 00:00,22-Apr-2018 00:00,5.09731813299353,9537.0
22-Apr-2018 00:00,23-Apr-2018 00:00,1.96750240909323,4118.0
23-Apr-2018 00:00,24-Apr-2018 00:00,9.53401015899407,19566.0
24-Apr-2018 00:00,25-Apr-2018 00:00,2.76777370156644,6101.0
25-Apr-2018 00:00,26-Apr-2018 00:00,2.45196179312107,5463.0
26-Apr-2018 00:00,27-Apr-2018 00:00,2.92798717157289,6642.0
27-Apr-2018 00:00,28-Apr-2018 00:00,3.23072400150292,7551.55637358011
28-Apr-2018 00:00,29-Apr-2018 00:00,4.56888597801326,10871.1782933937
29-Apr-2018 00:00,30-Apr-2018 00:00,4.91093763302816,10691.2653330262
30-Apr-2018 00:00,01-May-2018 00:00,2.14801807444113,4671.0
01-May-2018 00:00,02-May-2018 00:00,6.68203938996505,14337.0
02-May-2018 00:00,03-May-2018 00:00,3.36611687741913,7459.0
03-May-2018 00:00,04-May-2018 00:00,3.50764077396079,7715.0
04-May-2018 00:00,05-May-2018 00:00,4.05100237256301,8980.43875190761
05-May-2018 00:00,06-May-2018 00:00,6.65903779603863,14756.5612480924
06-May-2018 00:00,07-May-2018 00:00,2.65821139424737,5901.0
07-May-2018 00:00,08-May-2018 00:00,3.9480936975402,8681.0
08-May-2018 00:00,09-May-2018 00:00,8.18677647704697,16001.0
09-May-2018 00:00,10-May-2018 00:00,3.96403593226535,8654.0
10-May-2018 00:00,11-May-2018 00:00,2.91698039065328,6498.0
11-May-2018 00:00,12-May-2018 00:00,3.07567301454706,6749.39666444631
12-May-2018 00:00,13-May-2018 00:00,8.79248527217589,19278.6033355537
13-May-2018 00:00,14-May-2018 00:00,1.16283921593174,2670.0
14-May-2018 00:00,15-May-2018 00:00,3.3900558597128,7469.0
15-May-2018 00:00,16-May-2018 00:00,2.65673478622628,5842.0
16-May-2018 00:00,17-May-2018 00:00,1.76990127653652,3941.0
17-May-2018 00:00,18-May-2018 00:00,2.40315261815951,5238.0
18-May-2018 00:00,19-May-2018 00:00,2.88409940984526,6380.0
19-May-2018 00:00,20-May-2018 00:00,2.98444474733052,6494.0
20-May-2018 00:00,21-May-2018 00:00,3.5925286587338,7851.0
21-May-2018 00:00,22-May-2018 00:00,5.00905141263651,10065.0
22-May-2018 00:00,23-May-2018 00:00,1.97313315238813,4218.0
23-May-2018 00:00,24-May-2018 00:00,2.88929774229542,6122.0
24-May-2018 00:00,25-May-2018 00:00,4.55988555515526,9317.0
25-May-2018 00:00,26-May-2018 00:00,7.33367077734661,16453.4796133164
26-May-2018 00:00,27-May-2018 00:00,5.23137786990222,11726.5203866836
27-May-2018 00:00,28-May-2018 00:00,3.27239643477403,7051.12525545422
28-May-2018 00:00,29-May-2018 00:00,0.566110380620461,1052.87474454578
29-May-2018 00:00,30-May-2018 00:00,3.03131353321052,6376.0
30-May-2018 00:00,31-May-2018 00:00,1.72260911061804,3860.0
31-May-2018 00:00,01-Jun-2018 00:00,2.56295882384931,5686.0
01-Jun-2018 00:00,02-Jun-2018 00:00,3.57871055722511,8002.0
02-Jun-2018 00:00,03-Jun-2018 00:00,2.57411187219542,5560.04028171049
03-Jun-2018 00:00,04-Jun-2018 00:00,4.04038201801818,8948.95971828951
04-Jun-2018 00:00,05-Jun-2018 00:00,2.80227958169433,6266.0
05-Jun-2018 00:00,06-Jun-2018 00:00,1.73960943092016,3863.0
06-Jun-2018 00:00,07-Jun-2018 00:00,4.43187772152147,9756.0
07-Jun-2018 00:00,08-Jun-2018 00:00,4.0503885973448,8142.0
08-Jun-2018 00:00,09-Jun-2018 00:00,5.82581068381597,13025.0
09-Jun-2018 00:00,10-Jun-2018 00:00,3.07812267138721,6602.0
10-Jun-2018 00:00,11-Jun-2018 00:00,2.18784996948805,4820.0
11-Jun-2018 00:00,12-Jun-2018 00:00,4.84348728771298,9848.0
12-Jun-2018 00:00,13-Jun-2018 00:00,3.32751755362505,7334.0
13-Jun-2018 00:00,14-Jun-2018 00:00,4.88671307496974,9148.0
14-Jun-2018 00:00,15-Jun-2018 00:00,3.39813613495413,7483.0
15-Jun-2018 00:00,16-Jun-2018 00:00,4.07489392541984,8869.11029036329
16-Jun-2018 00:00,17-Jun-2018 00:00,7.81956523688374,17175.8897096367
17-Jun-2018 00:00,18-Jun-2018 00:00,5.22851709784643,11657.0
18-Jun-2018 00:00,19-Jun-2018 00:00,3.25230680763268,7123.0
19-Jun-2018 00:00,20-Jun-2018 00:00,3.47619536642858,7312.0
20-Jun-2018 00:00,21-Jun-2018 00:00,4.09418371708072,9014.0
21-Jun-2018 00:00,22-Jun-2018 00:00,2.29083828056356,5155.0
22-Jun-2018 00:00,23-Jun-2018 00:00,3.26089373123208,7381.79489945143
23-Jun-2018 00:00,24-Jun-2018 00:00,3.96621237603812,8822.20510054857
24-Jun-2018 00:00,25-Jun-2018 00:00,2.33800992319406,5586.0
25-Jun-2018 00:00,26-Jun-2018 00:00,4.94342405748778,10957.0
26-Jun-2018 00:00,27-Jun-2018 00:00,5.48603574841192,12293.8839868927
27-Jun-2018 00:00,28-Jun-2018 00:00,4.96705248695238,10803.1160131073
28-Jun-2018 00:00,29-Jun-2018 00:00,4.01921038399417,9281.0
29-Jun-2018 00:00,30-Jun-2018 00:00,4.02690026393288,7011.0
30-Jun-2018 00:00,01-Jul-2018 00:00,2.84776590808223,6205.0
01-Jul-2018 00:00,02-Jul-2018 00:00,1.31429187447718,2849.0
02-Jul-2018 00:00,03-Jul-2018 00:00,4.18851021346536,9438.0
03-Jul-2018 00:00,04-Jul-2018 00:00,2.77318891298168,6193.0
04-Jul-2018 00:00,05-Jul-2018 00:00,2.89868418435086,6580.0
05-Jul-2018 00:00,06-Jul-2018 00:00,0.166421846416103,378.0
06-Jul-2018 00:00,07-Jul-2018 00:00,1.560181700022,3431.0
07-Jul-2018 00:00,08-Jul-2018 00:00,1.60376750920222,3447.0
08-Jul-2018 00:00,09-Jul-2018 00:00,2.66522881371222,5857.0
09-Jul-2018 00:00,10-Jul-2018 00:00,1.92184517418113,4158.0
10-Jul-2018 00:00,11-Jul-2018 00:00,2.75715446791087,5953.0
11-Jul-2018 00:00,12-Jul-2018 00:00,2.66496783781991,5842.0
12-Jul-2018 00:00,13-Jul-2018 00:00,3.6566623092392,7944.0
13-Jul-2018 00:00,14-Jul-2018 00:00,4.33814466651312,9628.0
14-Jul-2018 00:00,15-Jul-2018 00:00,7.28181085151656,15884.0
15-Jul-2018 00:00,16-Jul-2018 00:00,3.46926297927107,7670.0
16-Jul-2018 00:00,17-Jul-2018 00:00,2.32898622046934,5131.0
17-Jul-2018 00:00,18-Jul-2018 00:00,1.89588395978261,4161.0
18-Jul-2018 00:00,19-Jul-2018 00:00,2.132446512359,4709.0
19-Jul-2018 00:00,20-Jul-2018 00:00,0.929154984885405,2083.0
20-Jul-2018 00:00,21-Jul-2018 00:00,4.52046869983721,10076.0
21-Jul-2018 00:00,22-Jul-2018 00:00,6.07474515264309,11700.0
22-Jul-2018 00:00,23-Jul-2018 00:00,0.120427950766974,279.0
23-Jul-2018 00:00,24-Jul-2018 00:00,2.53085384219668,5715.0
24-Jul-2018 00:00,25-Jul-2018 00:00,0.243988275858041,557.0
25-Jul-2018 00:00,26-Jul-2018 00:00,4.12618307945984,7413.0
26-Jul-2018 00:00,27-Jul-2018 00:00,0.22650844070528,503.0
27-Jul-2018 00:00,28-Jul-2018 00:00,1.45696631669696,3351.0
28-Jul-2018 00:00,29-Jul-2018 00:00,0.475659647656522,1055.0
29-Jul-2018 00:00,30-Jul-2018 00:00,0.284824127096233,679.0
30-Jul-2018 00:00,31-Jul-2018 00:00,1.78040866341181,3683.0
31-Jul-2018 00:00,01-Aug-2018 00:00,1.05105558538789,2238.0
01-Aug-2018 00:00,02-Aug-2018 00:00,0.165527071900184,381.0
02-Aug-2018 00:00,03-Aug-2018 00:00,0.564323103073649,1297.0
03-Aug-2018 00:00,04-Aug-2018 00:00,2.73401515010511,4609.0
04-Aug-2018 00:00,05-Aug-2018 00:00,1.90787674976344,4553.0
05-Aug-2018 00:00,06-Aug-2018 00:00,0.365596168377039,816.0
06-Aug-2018 00:00,07-Aug-2018 00:00,0.101028742146065,220.0
07-Aug-2018 00:00,08-Aug-2018 00:00,2.23583370281591,4723.0
08-Aug-2018 00:00,09-Aug-2018 00:00,0.03213110435028,80.0
09-Aug-2018 00:00,10-Aug-2018 00:00,2.89342666646521,5245.0
10-Aug-2018 00:00,11-Aug-2018 00:00,0.448692137912033,988.0
11-Aug-2018 00:00,12-Aug-2018 00:00,1.3537814165085,3076.0
12-Aug-2018 00:00,13-Aug-2018 00:00,2.26578655648723,5042.0
13-Aug-2018 00:00,14-Aug-2018 00:00,0.204810158670952,456.0
14-Aug-2018 00:00,15-Aug-2018 00:00,3.11813721698183,5357.0
15-Aug-2018 00:00,16-Aug-2018 00:00,0.0519963413656562,111.0
16-Aug-2018 00:00,17-Aug-2018 00:00,0.547353455817085,1184.0
17-Aug-2018 00:00,18-Aug-2018 00:00,1.12281774438241,2362.0
18-Aug-2018 00:00,19-Aug-2018 00:00,1.59772501909528,3345.0
19-Aug-2018 00:00,20-Aug-2018 00:00,0.876083671349088,1966.0
20-Aug-2018 00:00,21-Aug-2018 00:00,0.0701652350271041,145.0
21-Aug-2018 00:00,22-Aug-2018 00:00,0.797908961657726,1791.0
22-Aug-2018 00:00,23-Aug-2018 00:00,0.103334029268374,225.0
23-Aug-2018 00:00,24-Aug-2018 00:00,3.9536828508468,7114.0
24-Aug-2018 00:00,25-Aug-2018 00:00,0.109019575676999,250.0
25-Aug-2018 00:00,26-Aug-2018 00:00,3.3103301717608,7653.0
26-Aug-2018 00:00,27-Aug-2018 00:00,4.74889715860706,10541.0
27-Aug-2018 00:00,28-Aug-2018 00:00,1.60333559057807,3502.0
28-Aug-2018 00:00,29-Aug-2018 00:00,1.98994745684143,4434.0
29-Aug-2018 00:00,30-Aug-2018 00:00,3.62677422024362,7946.0
30-Aug-2018 00:00,31-Aug-2018 00:00,3.86477158620674,8369.0
31-Aug-2018 00:00,01-Sep-2018 00:00,2.4154345528713,5239.0
01-Sep-2018 00:00,02-Sep-2018 00:00,2.68208823047713,5888.0
02-Sep-2018 00:00,03-Sep-2018 00:00,6.93685658992589,15083.6645625534
03-Sep-2018 00:00,04-Sep-2018 00:00,2.91351772786452,6783.33543744663
04-Sep-2018 00:00,05-Sep-2018 00:00,4.39650565696926,9692.0
05-Sep-2018 00:00,06-Sep-2018 00:00,4.31988891114706,9201.0
06-Sep-2018 00:00,07-Sep-2018 00:00,3.05689885248411,6651.0
07-Sep-2018 00:00,08-Sep-2018 00:00,3.71039223421811,8069.0
08-Sep-2018 00:00,09-Sep-2018 00:00,4.54099039453608,9471.39723982208
09-Sep-2018 00:00,10-Sep-2018 00:00,4.25686077582621,9412.60276017792
10-Sep-2018 00:00,11-Sep-2018 00:00,3.74121220150411,8207.0
11-Sep-2018 00:00,12-Sep-2018 00:00,2.90496270885525,6288.0
12-Sep-2018 00:00,13-Sep-2018 00:00,3.59094621828888,7855.0
13-Sep-2018 00:00,14-Sep-2018 00:00,3.44428644740916,7518.0
14-Sep-2018 00:00,15-Sep-2018 00:00,4.94779987975619,10883.3987467217
15-Sep-2018 00:00,16-Sep-2018 00:00,3.16813408799559,7299.60125327827
16-Sep-2018 00:00,17-Sep-2018 00:00,1.6458258768748,3556.0
17-Sep-2018 00:00,18-Sep-2018 00:00,2.97364367647983,6405.0
18-Sep-2018 00:00,19-Sep-2018 00:00,1.63225362387588,3541.0
19-Sep-2018 00:00,20-Sep-2018 00:00,2.53620974867692,5485.89375721503
20-Sep-2018 00:00,21-Sep-2018 00:00,2.48816369502886,5372.43618527805
21-Sep-2018 00:00,22-Sep-2018 00:00,3.34105768525481,7539.67005750692
22-Sep-2018 00:00,23-Sep-2018 00:00,1.49129683920309,3402.14854891313
23-Sep-2018 00:00,24-Sep-2018 00:00,4.06146012120713,8974.85145108687
24-Sep-2018 00:00,25-Sep-2018 00:00,3.08897704916128,6862.91913926651
25-Sep-2018 00:00,26-Sep-2018 00:00,4.13186094820267,9179.33521629776
26-Sep-2018 00:00,27-Sep-2018 00:00,4.13186094820267,9179.33521629776
27-Sep-2018 00:00,28-Sep-2018 00:00,4.13186094820267,9179.33521629776
28-Sep-2018 00:00,29-Sep-2018 00:00,4.13186094820267,9179.33521629776
29-Sep-2018 00:00,30-Sep-2018 00:00,4.13186094820267,9179.33521629776
30-Sep-2018 00:00,01-Oct-2018 00:00,3.85376251724675,8614.4047792447
01-Oct-2018 00:00,02-Oct-2018 00:00,4.01113646134747,8891.64160368405
02-Oct-2018 00:00,03-Oct-2018 00:00,5.00071897744734,11256.4482660202
03-Oct-2018 00:00,04-Oct-2018 00:00,5.00071897744734,11256.4482660202
04-Oct-2018 00:00,05-Oct-2018 00:00,5.00071897744734,11256.4482660202
05-Oct-2018 00:00,06-Oct-2018 00:00,5.00071897744734,11256.4482660202
06-Oct-2018 00:00,07-Oct-2018 00:00,6.38379224481293,14515.5653322352
07-Oct-2018 00:00,08-Oct-2018 00:00,5.26855066727683,10098.0
08-Oct-2018 00:00,09-Oct-2018 00:00,4.4792885465417,10209.0
09-Oct-2018 00:00,10-Oct-2018 00:00,3.29416246887784,7244.0
10-Oct-2018 00:00,11-Oct-2018 00:00,1.8118438320244,3929.0
11-Oct-2018 00:00,12-Oct-2018 00:00,2.96867924948485,6574.86167079592
12-Oct-2018 00:00,13-Oct-2018 00:00,5.11112069049211,11380.1383292041
13-Oct-2018 00:00,14-Oct-2018 00:00,4.69019573125035,10787.0
14-Oct-2018 00:00,15-Oct-2018 00:00,3.33338257040689,7666.0
15-Oct-2018 00:00,16-Oct-2018 00:00,2.1984401410482,5101.46335744914
16-Oct-2018 00:00,17-Oct-2018 00:00,3.43799383401925,7867.17349343946
17-Oct-2018 00:00,18-Oct-2018 00:00,2.67085493678355,6185.3631491114
18-Oct-2018 00:00,19-Oct-2018 00:00,3.85148284230021,8147.12820352451
19-Oct-2018 00:00,20-Oct-2018 00:00,5.29607258739469,11197.5988786626
20-Oct-2018 00:00,21-Oct-2018 00:00,5.29607258739469,11197.5988786626
21-Oct-2018 00:00,22-Oct-2018 00:00,4.37902896019998,9258.67403915024
22-Oct-2018 00:00,23-Oct-2018 00:00,1.9538400656623,4713.78121590162
23-Oct-2018 00:00,24-Oct-2018 00:00,2.10120564597948,4860.21878409838
24-Oct-2018 00:00,25-Oct-2018 00:00,4.20526529827204,8846.0
25-Oct-2018 00:00,26-Oct-2018 00:00,3.26708159208766,7049.0
26-Oct-2018 00:00,27-Oct-2018 00:00,3.14755830590202,6863.429541849
27-Oct-2018 00:00,28-Oct-2018 00:00,4.36315421193956,9949.23979258864
28-Oct-2018 00:00,29-Oct-2018 00:00,3.61474138084119,8243.33066556236
29-Oct-2018 00:00,30-Oct-2018 00:00,0.325555008749879,672.0
30-Oct-2018 00:00,31-Oct-2018 00:00,2.40490743217219,5474.0
31-Oct-2018 00:00,01-Nov-2018 00:00,4.50661975991896,9641.0
01-Nov-2018 00:00,02-Nov-2018 00:00,3.33701096503421,7201.72633879928
02-Nov-2018 00:00,03-Nov-2018 00:00,3.48770122777696,7428.32496050965
03-Nov-2018 00:00,04-Nov-2018 00:00,7.46509161317835,16401.1653018651
04-Nov-2018 00:00,05-Nov-2018 00:00,3.39324583643516,7207.78339882598
05-Nov-2018 00:00,06-Nov-2018 00:00,2.50222450886808,5738.0
06-Nov-2018 00:00,07-Nov-2018 00:00,3.36447024377636,7401.0
07-Nov-2018 00:00,08-Nov-2018 00:00,2.35879961027588,5190.0
08-Nov-2018 00:00,09-Nov-2018 00:00,3.42567530621164,7438.0
09-Nov-2018 00:00,10-Nov-2018 00:00,7.0699834159876,15508.6409723867
10-Nov-2018 00:00,11-Nov-2018 00:00,3.95268517257045,9239.35902761333
11-Nov-2018 00:00,12-Nov-2018 00:00,7.13722889926823,15773.0
12-Nov-2018 00:00,13-Nov-2018 00:00,2.38892979592071,5052.0
13-Nov-2018 00:00,14-Nov-2018 00:00,1.96184283782729,4462.0
14-Nov-2018 00:00,15-Nov-2018 00:00,2.80091764097663,6639.0
15-Nov-2018 00:00,16-Nov-2018 00:00,3.68569894589965,8315.0
16-Nov-2018 00:00,17-Nov-2018 00:00,6.5915242483895,14360.0
17-Nov-2018 00:00,18-Nov-2018 00:00,4.75238808735091,10342.0
18-Nov-2018 00:00,19-Nov-2018 00:00,4.78416050266432,10760.0
19-Nov-2018 00:00,20-Nov-2018 00:00,2.30354728386261,4995.0
20-Nov-2018 00:00,21-Nov-2018 00:00,4.78644065265274,10676.0
21-Nov-2018 00:00,22-Nov-2018 00:00,1.80846880723069,4007.0
22-Nov-2018 00:00,23-Nov-2018 00:00,0.656671289668408,1582.0
23-Nov-2018 00:00,24-Nov-2018 00:00,0.190555903523431,451.0
24-Nov-2018 00:00,25-Nov-2018 00:00,3.82093573530618,8214.0
25-Nov-2018 00:00,26-Nov-2018 00:00,2.53999263510479,5681.0
26-Nov-2018 00:00,27-Nov-2018 00:00,2.65818393406839,5706.0
27-Nov-2018 00:00,28-Nov-2018 00:00,2.46597992722491,5407.0
28-Nov-2018 00:00,29-Nov-2018 00:00,2.86191645374721,6167.0
29-Nov-2018 00:00,30-Nov-2018 00:00,2.97844371115654,6856.0
30-Nov-2018 00:00,01-Dec-2018 00:00,5.40877525252562,11892.0
01-Dec-2018 00:00,02-Dec-2018 00:00,3.55113246825562,7653.0
02-Dec-2018 00:00,03-Dec-2018 00:00,2.65741610734247,5735.0
03-Dec-2018 00:00,04-Dec-2018 00:00,2.40750889803602,5227.0
04-Dec-2018 00:00,05-Dec-2018 00:00,2.59087553686521,6084.0
05-Dec-2018 00:00,06-Dec-2018 00:00,2.11676310347601,4955.0
06-Dec-2018 00:00,07-Dec-2018 00:00,4.68369099459157,11171.0
07-Dec-2018 00:00,08-Dec-2018 00:00,3.55724301463353,8695.0
08-Dec-2018 00:00,09-Dec-2018 00:00,4.2384987630001,9782.02161089918
09-Dec-2018 00:00,10-Dec-2018 00:00,3.57697263609476,8407.97838910082
10-Dec-2018 00:00,11-Dec-2018 00:00,3.74997602655899,8866.0
11-Dec-2018 00:00,12-Dec-2018 00:00,2.02523882864801,4804.0
12-Dec-2018 00:00,13-Dec-2018 00:00,2.51396014585393,5930.0
13-Dec-2018 00:00,14-Dec-2018 00:00,2.8114747303767,6984.0
14-Dec-2018 00:00,15-Dec-2018 00:00,2.91574703730234,6443.0
15-Dec-2018 00:00,16-Dec-2018 00:00,1.71791114889046,3726.0
16-Dec-2018 00:00,17-Dec-2018 00:00,0.272386779252702,657.394544709295
17-Dec-2018 00:00,18-Dec-2018 00:00,1.88174346305799,4293.6054552907
18-Dec-2018 00:00,19-Dec-2018 00:00,1.29101049868802,2882.0
19-Dec-2018 00:00,20-Dec-2018 00:00,4.21686666802908,7844.0
20-Dec-2018 00:00,21-Dec-2018 00:00,0.573817654895538,1343.0
21-Dec-2018 00:00,22-Dec-2018 00:00,0.428087469179556,984.0
22-Dec-2018 00:00,23-Dec-2018 00:00,2.14535860574214,5066.0
23-Dec-2018 00:00,24-Dec-2018 00:00,1.41197904239293,3181.0
24-Dec-2018 00:00,25-Dec-2018 00:00,4.82473537039387,8867.0
25-Dec-2018 00:00,26-Dec-2018 00:00,0.374227014237152,843.0
26-Dec-2018 00:00,27-Dec-2018 00:00,0.137204972957852,307.0
27-Dec-2018 00:00,28-Dec-2018 00:00,0.870155790185501,1952.0
28-Dec-2018 00:00,29-Dec-2018 00:00,3.15568952318549,7105.0
29-Dec-2018 00:00,30-Dec-2018 00:00,2.78041239163262,6336.0
30-Dec-2018 00:00,31-Dec-2018 00:00,0.276404547442871,621.0
31-Dec-2018 00:00,01-Jan-2019 00:00,2.68380464703092,5791.0
01-Jan-2019 00:00,02-Jan-2019 00:00,3.06927543147868,7136.0
02-Jan-2019 00:00,03-Jan-2019 00:00,4.38413390686617,9427.0
03-Jan-2019 00:00,04-Jan-2019 00:00,3.29382152117525,7835.34646614134
04-Jan-2019 00:00,05-Jan-2019 00:00,5.44684840862264,12033.8318024992
05-Jan-2019 00:00,06-Jan-2019 00:00,1.55892355631602,3580.82173135948
06-Jan-2019 00:00,07-Jan-2019 00:00,1.68982049309224,4023.28421061097
07-Jan-2019 00:00,08-Jan-2019 00:00,2.66792342132,6508.71578938903
08-Jan-2019 00:00,09-Jan-2019 00:00,3.90918287202723,8709.0
09-Jan-2019 00:00,10-Jan-2019 00:00,2.31810601089525,4982.0
10-Jan-2019 00:00,11-Jan-2019 00:00,2.97622509544187,6842.0
11-Jan-2019 00:00,12-Jan-2019 00:00,2.26614386983396,5422.59349701592
12-Jan-2019 00:00,13-Jan-2019 00:00,3.22163180451581,7493.7288410999
13-Jan-2019 00:00,14-Jan-2019 00:00,5.55542519467347,12340.6776618842
14-Jan-2019 00:00,15-Jan-2019 00:00,1.34983006298415,3125.0
15-Jan-2019 00:00,16-Jan-2019 00:00,5.85477913546964,12700.0
16-Jan-2019 00:00,17-Jan-2019 00:00,3.69261015668434,8838.0
17-Jan-2019 00:00,18-Jan-2019 00:00,4.09676150046713,9321.0
18-Jan-2019 00:00,19-Jan-2019 00:00,3.2423210948055,7978.0
19-Jan-2019 00:00,20-Jan-2019 00:00,6.11995390093838,14046.0
20-Jan-2019 00:00,21-Jan-2019 00:00,0.398100062917558,922.035968323049
21-Jan-2019 00:00,22-Jan-2019 00:00,0.253743172587227,573.964031676951
22-Jan-2019 00:00,23-Jan-2019 00:00,3.80300917641004,8861.0
23-Jan-2019 00:00,24-Jan-2019 00:00,3.11324987075377,6994.0
24-Jan-2019 00:00,25-Jan-2019 00:00,3.32577124592366,8393.0
25-Jan-2019 00:00,26-Jan-2019 00:00,5.8200261456456,14679.0
26-Jan-2019 00:00,27-Jan-2019 00:00,5.9027754408992,13106.0
27-Jan-2019 00:00,28-Jan-2019 00:00,0.629921259842489,1376.0
28-Jan-2019 00:00,29-Jan-2019 00:00,2.65551678199339,6955.0
29-Jan-2019 00:00,30-Jan-2019 00:00,4.24088148716513,10672.0
30-Jan-2019 00:00,31-Jan-2019 00:00,2.46097114399451,5801.0
31-Jan-2019 00:00,01-Feb-2019 00:00,4.01333059566115,9514.0
01-Feb-2019 00:00,02-Feb-2019 00:00,2.51801446668071,6168.0
02-Feb-2019 00:00,03-Feb-2019 00:00,2.51712590156381,5918.98356761442
03-Feb-2019 00:00,04-Feb-2019 00:00,4.23433001628992,9306.01643238558
04-Feb-2019 00:00,05-Feb-2019 00:00,1.70938593613327,3863.0
05-Feb-2019 00:00,06-Feb-2019 00:00,4.3174056859258,10077.0
06-Feb-2019 00:00,07-Feb-2019 00:00,2.56812092380505,5478.0
07-Feb-2019 00:00,08-Feb-2019 00:00,2.06818054948157,4552.0
08-Feb-2019 00:00,09-Feb-2019 00:00,2.33291328640696,5090.0
09-Feb-2019 00:00,10-Feb-2019 00:00,5.42762551090121,13132.0
10-Feb-2019 00:00,11-Feb-2019 00:00,6.59447314940282,14279.0
11-Feb-2019 00:00,12-Feb-2019 00:00,3.83112821198529,8659.0
12-Feb-2019 00:00,13-Feb-2019 00:00,1.49061356677001,3564.0
13-Feb-2019 00:00,14-Feb-2019 00:00,3.98008753877397,8877.0
14-Feb-2019 00:00,15-Feb-2019 00:00,4.46768865252318,9735.0
15-Feb-2019 00:00,16-Feb-2019 00:00,3.68706880693599,8116.71173830492
16-Feb-2019 00:00,17-Feb-2019 00:00,2.9171340048933,6515.28826169508
17-Feb-2019 00:00,18-Feb-2019 00:00,4.05194998842416,9211.0
18-Feb-2019 00:00,19-Feb-2019 00:00,3.54406300068099,7845.0
19-Feb-2019 00:00,20-Feb-2019 00:00,2.23712891712497,5137.0
20-Feb-2019 00:00,21-Feb-2019 00:00,3.38440064358921,7947.0
21-Feb-2019 00:00,22-Feb-2019 00:00,4.46464522190337,9678.0
22-Feb-2019 00:00,23-Feb-2019 00:00,3.59750753993681,8133.39507523066
23-Feb-2019 00:00,24-Feb-2019 00:00,5.68183340081265,12930.6049247693
24-Feb-2019 00:00,25-Feb-2019 00:00,2.28921773721549,5147.0
25-Feb-2019 00:00,26-Feb-2019 00:00,4.31045716187767,10168.0
26-Feb-2019 00:00,27-Feb-2019 00:00,1.61668039672914,3961.0
27-Feb-2019 00:00,28-Feb-2019 00:00,3.18317819988876,7880.0
28-Feb-2019 00:00,01-Mar-2019 00:00,2.56069105024047,5899.0
01-Mar-2019 00:00,02-Mar-2019 00:00,2.38690422930224,6089.0
02-Mar-2019 00:00,03-Mar-2019 00:00,1.4850048739876,3609.0
03-Mar-2019 00:00,04-Mar-2019 00:00,2.686407054382,6003.0
04-Mar-2019 00:00,05-Mar-2019 00:00,2.15352963692192,4983.0
05-Mar-2019 00:00,06-Mar-2019 00:00,2.2903369323151,5432.0
06-Mar-2019 00:00,07-Mar-2019 00:00,2.16695746838406,5011.0
07-Mar-2019 00:00,08-Mar-2019 00:00,2.37056216694478,5368.0
08-Mar-2019 00:00,09-Mar-2019 00:00,2.10540443808078,5147.0
09-Mar-2019 00:00,10-Mar-2019 00:00,5.72190693324806,12624.0
10-Mar-2019 00:00,11-Mar-2019 00:00,2.36561605225315,5303.0
11-Mar-2019 00:00,12-Mar-2019 00:00,4.37284193529835,9494.0
12-Mar-2019 00:00,13-Mar-2019 00:00,1.82263083591758,4129.0
13-Mar-2019 00:00,14-Mar-2019 00:00,2.41327076401768,5216.0
14-Mar-2019 00:00,15-Mar-2019 00:00,2.19013355738562,4670.0
15-Mar-2019 00:00,16-Mar-2019 00:00,4.96523500664112,11023.8851278261
16-Mar-2019 00:00,17-Mar-2019 00:00,4.27841543893591,9455.11487217395
17-Mar-2019 00:00,18-Mar-2019 00:00,3.06033866415524,6628.0
18-Mar-2019 00:00,19-Mar-2019 00:00,3.32296551623402,7274.0
19-Mar-2019 00:00,20-Mar-2019 00:00,2.49171518499264,5707.81052409619
20-Mar-2019 00:00,21-Mar-2019 00:00,0.838912584183332,1935.18947590381
21-Mar-2019 00:00,22-Mar-2019 00:00,3.10911284440708,7375.94153998781
22-Mar-2019 00:00,23-Mar-2019 00:00,2.30972394938875,5213.05846001219
23-Mar-2019 00:00,24-Mar-2019 00:00,2.46224514637674,5573.0
24-Mar-2019 00:00,25-Mar-2019 00:00,5.260402800313,11600.0
25-Mar-2019 00:00,26-Mar-2019 00:00,3.36294750967784,7144.0
26-Mar-2019 00:00,27-Mar-2019 00:00,2.25295255872055,4914.0
27-Mar-2019 00:00,28-Mar-2019 00:00,3.31059605836895,7257.0
28-Mar-2019 00:00,29-Mar-2019 00:00,3.72742848913346,8367.0
29-Mar-2019 00:00,30-Mar-2019 00:00,4.0945595017491,9129.0
30-Mar-2019 00:00,31-Mar-2019 00:00,3.77675676379148,8310.0
31-Mar-2019 00:00,01-Apr-2019 00:00,1.58980842944047,3443.0
01-Apr-2019 00:00,02-Apr-2019 00:00,3.2021349918229,7020.0
02-Apr-2019 00:00,03-Apr-2019 00:00,1.87759731053856,4259.0
03-Apr-2019 00:00,04-Apr-2019 00:00,3.46242949802316,7779.0
04-Apr-2019 00:00,05-Apr-2019 00:00,3.69801582872945,8418.0
05-Apr-2019 00:00,06-Apr-2019 00:00,3.35449849697528,7444.0
06-Apr-2019 00:00,07-Apr-2019 00:00,4.57929692620649,10094.0
07-Apr-2019 00:00,08-Apr-2019 00:00,3.81044309721736,8358.0
08-Apr-2019 00:00,09-Apr-2019 00:00,3.27992354885455,7174.0
09-Apr-2019 00:00,10-Apr-2019 00:00,2.47261321506551,5375.0
10-Apr-2019 00:00,11-Apr-2019 00:00,5.06276839139402,11369.0
11-Apr-2019 00:00,12-Apr-2019 00:00,3.04089533990652,6837.0
12-Apr-2019 00:00,13-Apr-2019 00:00,4.67974356648799,10209.0
13-Apr-2019 00:00,14-Apr-2019 00:00,4.8778378030461,10938.0
14-Apr-2019 00:00,15-Apr-2019 00:00,3.16486711030696,6998.0
15-Apr-2019 00:00,16-Apr-2019 00:00,4.03304601271958,9336.0
16-Apr-2019 00:00,17-Apr-2019 00:00,2.68781245886619,5875.0
17-Apr-2019 00:00,18-Apr-2019 00:00,3.81683636533849,8482.0
18-Apr-2019 00:00,19-Apr-2019 00:00,3.11619653400037,7016.0
19-Apr-2019 00:00,20-Apr-2019 00:00,3.75047380555074,8259.0
20-Apr-2019 00:00,21-Apr-2019 00:00,1.8921473926827,4492.0
21-Apr-2019 00:00,22-Apr-2019 00:00,2.80956014110496,6229.0
22-Apr-2019 00:00,23-Apr-2019 00:00,3.21807888692883,7601.0
23-Apr-2019 00:00,24-Apr-2019 00:00,4.60034376425167,10013.0
24-Apr-2019 00:00,25-Apr-2019 00:00,3.03314841211113,6720.0
25-Apr-2019 00:00,26-Apr-2019 00:00,3.44269073938965,7779.0
26-Apr-2019 00:00,27-Apr-2019 00:00,3.00126101103006,6808.0
27-Apr-2019 00:00,28-Apr-2019 00:00,2.83853152556814,6271.0
28-Apr-2019 00:00,29-Apr-2019 00:00,3.26040846324102,7247.0
29-Apr-2019 00:00,30-Apr-2019 00:00,3.29693109711208,7207.0
30-Apr-2019 00:00,01-May-2019 00:00,2.48414465946584,5482.0
01-May-2019 00:00,02-May-2019 00:00,5.16325184771449,11388.0
02-May-2019 00:00,03-May-2019 00:00,5.74895165902807,12931.0166127211
03-May-2019 00:00,04-May-2019 00:00,3.48314448348395,7822.98338727887
04-May-2019 00:00,05-May-2019 00:00,3.49306610338259,7907.0
05-May-2019 00:00,06-May-2019 00:00,4.24402495562539,9300.0
06-May-2019 00:00,07-May-2019 00:00,3.00269825832385,6435.0
07-May-2019 00:00,08-May-2019 00:00,2.46456366032773,5609.0
08-May-2019 00:00,09-May-2019 00:00,2.87021201483344,6445.9907009611
09-May-2019 00:00,10-May-2019 00:00,2.76640699111284,6100.0092990389
10-May-2019 00:00,11-May-2019 00:00,4.49307396307944,9456.0
11-May-2019 00:00,12-May-2019 00:00,3.80352638119762,7406.0
12-May-2019 00:00,13-May-2019 00:00,4.31821768043572,9265.01302590899
13-May-2019 00:00,14-May-2019 00:00,3.41129146965557,7503.98697409101
14-May-2019 00:00,15-May-2019 00:00,2.46171541287893,5364.0
15-May-2019 00:00,16-May-2019 00:00,3.78032013180987,9050.0
16-May-2019 00:00,17-May-2019 00:00,2.66038617828995,5848.0
17-May-2019 00:00,18-May-2019 00:00,4.16597815192349,9399.60110259698
18-May-2019 00:00,19-May-2019 00:00,4.82341573005294,11589.398897403
19-May-2019 00:00,20-May-2019 00:00,3.29833518770556,7554.0
20-May-2019 00:00,21-May-2019 00:00,5.01919127567001,10996.0
21-May-2019 00:00,22-May-2019 00:00,5.73450256045351,13341.6048919635
22-May-2019 00:00,23-May-2019 00:00,5.20562222620358,11699.3951080365
23-May-2019 00:00,24-May-2019 00:00,4.35109684518648,9590.0
24-May-2019 00:00,25-May-2019 00:00,3.05748955110085,6819.0
25-May-2019 00:00,26-May-2019 00:00,4.68354132193732,10724.0
26-May-2019 00:00,27-May-2019 00:00,9.7164813455184,21331.0
27-May-2019 00:00,28-May-2019 00:00,0.161003311368398,366.0
28-May-2019 00:00,29-May-2019 00:00,1.4193653211097,3108.0
29-May-2019 00:00,30-May-2019 00:00,6.22825429463136,13656.0
30-May-2019 00:00,31-May-2019 00:00,4.51381300189859,10394.0
31-May-2019 00:00,01-Jun-2019 00:00,3.42834157239117,7919.0
01-Jun-2019 00:00,02-Jun-2019 00:00,2.53465924865325,5876.0
02-Jun-2019 00:00,03-Jun-2019 00:00,6.23192151778045,14476.0
03-Jun-2019 00:00,04-Jun-2019 00:00,2.79227998200483,6010.0
04-Jun-2019 00:00,05-Jun-2019 00:00,4.09354774739755,7847.0
05-Jun-2019 00:00,06-Jun-2019 00:00,2.46480536647888,5219.0
06-Jun-2019 00:00,07-Jun-2019 00:00,3.36993044741638,6991.0
07-Jun-2019 00:00,08-Jun-2019 00:00,3.40508410840828,6129.0
08-Jun-2019 00:00,09-Jun-2019 00:00,4.30040762920084,9530.0
09-Jun-2019 00:00,10-Jun-2019 00:00,3.57554110576076,8532.0
10-Jun-2019 00:00,11-Jun-2019 00:00,2.39519202940578,5110.0
11-Jun-2019 00:00,12-Jun-2019 00:00,3.81445769664079,6974.0
12-Jun-2019 00:00,13-Jun-2019 00:00,5.06514998558795,11573.0
13-Jun-2019 00:00,14-Jun-2019 00:00,1.69678834703307,4081.0
14-Jun-2019 00:00,15-Jun-2019 00:00,4.89887697256319,11311.0
15-Jun-2019 00:00,16-Jun-2019 00:00,6.31443644240374,14609.0
16-Jun-2019 00:00,17-Jun-2019 00:00,8.12676266658988,18782.0
17-Jun-2019 00:00,18-Jun-2019 00:00,4.47600540263914,10514.0
18-Jun-2019 00:00,19-Jun-2019 00:00,5.27461889866425,11500.0
19-Jun-2019 00:00,20-Jun-2019 00:00,1.59226659298149,3854.0
20-Jun-2019 00:00,21-Jun-2019 00:00,5.1761430776833,11901.0
21-Jun-2019 00:00,22-Jun-2019 00:00,4.31054150569477,8281.0
22-Jun-2019 00:00,23-Jun-2019 00:00,3.03481742287926,7278.0
23-Jun-2019 00:00,24-Jun-2019 00:00,2.61048676556491,5777.0
24-Jun-2019 00:00,25-Jun-2019 00:00,2.60226975439463,6127.0
25-Jun-2019 00:00,26-Jun-2019 00:00,2.97896433833063,6633.0
26-Jun-2019 00:00,27-Jun-2019 00:00,3.27317795652058,7323.0
27-Jun-2019 00:00,28-Jun-2019 00:00,3.39748155425707,7446.0
28-Jun-2019 00:00,29-Jun-2019 00:00,3.3140995076876,7419.0
29-Jun-2019 00:00,30-Jun-2019 00:00,4.35518447267434,10451.0
30-Jun-2019 00:00,01-Jul-2019 00:00,4.84459115496,11351.0
01-Jul-2019 00:00,02-Jul-2019 00:00,3.81289910086298,9509.0
02-Jul-2019 00:00,03-Jul-2019 00:00,2.88774806703739,6522.0
03-Jul-2019 00:00,04-Jul-2019 00:00,4.37743450989536,8516.0
04-Jul-2019 00:00,05-Jul-2019 00:00,3.74612881624891,8802.0
05-Jul-2019 00:00,06-Jul-2019 00:00,3.29950457550304,7623.0
06-Jul-2019 00:00,07-Jul-2019 00:00,4.20359343102891,9608.25377636941
07-Jul-2019 00:00,08-Jul-2019 00:00,0.363420753847712,857.746223630595
08-Jul-2019 00:00,09-Jul-2019 00:00,3.54789242809366,8003.0
09-Jul-2019 00:00,10-Jul-2019 00:00,2.24803496737744,5102.0
10-Jul-2019 00:00,11-Jul-2019 00:00,2.44042034980008,5414.0
11-Jul-2019 00:00,12-Jul-2019 00:00,3.77123999273842,8626.0
12-Jul-2019 00:00,13-Jul-2019 00:00,3.99204008877095,9287.0
13-Jul-2019 00:00,14-Jul-2019 00:00,6.04585930209084,14129.0
14-Jul-2019 00:00,15-Jul-2019 00:00,5.79617043002103,13441.0
15-Jul-2019 00:00,16-Jul-2019 00:00,2.78839981290599,6489.0
16-Jul-2019 00:00,17-Jul-2019 00:00,3.15567088204395,7060.0
17-Jul-2019 00:00,18-Jul-2019 00:00,3.53156016966663,8064.0
18-Jul-2019 00:00,19-Jul-2019 00:00,3.86108948470956,8549.0
19-Jul-2019 00:00,20-Jul-2019 00:00,4.3018486835837,10000.4167922708
20-Jul-2019 00:00,21-Jul-2019 00:00,5.81631083035109,13784.5832077292
21-Jul-2019 00:00,22-Jul-2019 00:00,0.967615815066265,2363.0
22-Jul-2019 00:00,23-Jul-2019 00:00,2.15463292913586,5026.0
23-Jul-2019 00:00,24-Jul-2019 00:00,2.56205641161925,5849.0
24-Jul-2019 00:00,25-Jul-2019 00:00,2.75857488119889,6308.0
25-Jul-2019 00:00,26-Jul-2019 00:00,3.95741827052636,9135.0
26-Jul-2019 00:00,27-Jul-2019 00:00,4.65962457036714,10496.1754448097
27-Jul-2019 00:00,28-Jul-2019 00:00,8.05853145884865,18336.8245551903
28-Jul-2019 00:00,29-Jul-2019 00:00,2.09148822899855,3974.0
29-Jul-2019 00:00,30-Jul-2019 00:00,3.44938207443004,7847.0
30-Jul-2019 00:00,31-Jul-2019 00:00,2.88818804308785,6375.0
31-Jul-2019 00:00,01-Aug-2019 00:00,3.95756805085005,8881.0
01-Aug-2019 00:00,02-Aug-2019 00:00,3.05673763746063,7007.0
02-Aug-2019 00:00,03-Aug-2019 00:00,3.4919622271487,7863.0
03-Aug-2019 00:00,04-Aug-2019 00:00,5.76539040396503,13561.0
04-Aug-2019 00:00,05-Aug-2019 00:00,4.41450480791943,10198.0
05-Aug-2019 00:00,06-Aug-2019 00:00,2.98491135559314,6734.0
06-Aug-2019 00:00,07-Aug-2019 00:00,4.10087262688973,9360.0
07-Aug-2019 00:00,08-Aug-2019 00:00,4.10268244147522,8883.0
08-Aug-2019 00:00,09-Aug-2019 00:00,3.56450503415448,8078.0
09-Aug-2019 00:00,10-Aug-2019 00:00,4.99802488834456,12157.0
10-Aug-2019 00:00,11-Aug-2019 00:00,8.62493636370081,19954.0
11-Aug-2019 00:00,12-Aug-2019 00:00,3.7022642896474,9181.0
12-Aug-2019 00:00,13-Aug-2019 00:00,2.51249197432857,5568.0
13-Aug-2019 00:00,14-Aug-2019 00:00,3.75147954858408,8158.0
14-Aug-2019 00:00,15-Aug-2019 00:00,3.30866368647876,7536.0
15-Aug-2019 00:00,16-Aug-2019 00:00,5.00326915648007,11151.0
16-Aug-2019 00:00,17-Aug-2019 00:00,4.58866521679273,10454.0
17-Aug-2019 00:00,18-Aug-2019 00:00,4.62258839904539,10473.5669236037
18-Aug-2019 00:00,19-Aug-2019 00:00,3.68158985822613,8624.4330763963
19-Aug-2019 00:00,20-Aug-2019 00:00,2.69636904069351,6035.0
20-Aug-2019 00:00,21-Aug-2019 00:00,4.90092600685409,11354.0
21-Aug-2019 00:00,22-Aug-2019 00:00,3.72261579742048,8220.0
22-Aug-2019 00:00,23-Aug-2019 00:00,4.7566496444908,10704.0
23-Aug-2019 00:00,24-Aug-2019 00:00,1.92267514991711,4560.0
24-Aug-2019 00:00,25-Aug-2019 00:00,1.59106946822701,3611.0
25-Aug-2019 00:00,26-Aug-2019 00:00,7.71994700474101,17531.0
26-Aug-2019 00:00,27-Aug-2019 00:00,2.66940591747083,6292.0
27-Aug-2019 00:00,28-Aug-2019 00:00,3.79782553779701,8330.0
28-Aug-2019 00:00,29-Aug-2019 00:00,2.26647341764109,5268.0
29-Aug-2019 00:00,30-Aug-2019 00:00,2.0794660236217,4837.0
30-Aug-2019 00:00,31-Aug-2019 00:00,4.0501543239098,9959.0
31-Aug-2019 00:00,01-Sep-2019 00:00,3.31122645418277,8359.0
01-Sep-2019 00:00,02-Sep-2019 00:00,4.11081066053552,10707.0
02-Sep-2019 00:00,03-Sep-2019 00:00,1.726231309153,4010.0
03-Sep-2019 00:00,04-Sep-2019 00:00,4.75911686993611,9661.0
04-Sep-2019 00:00,05-Sep-2019 00:00,2.93315927972964,6698.0
05-Sep-2019 00:00,06-Sep-2019 00:00,3.17473438875139,7816.0
06-Sep-2019 00:00,07-Sep-2019 00:00,3.10020972390974,7152.0
07-Sep-2019 00:00,08-Sep-2019 00:00,4.72647077525509,11151.0
08-Sep-2019 00:00,09-Sep-2019 00:00,5.02354495110175,11416.0
09-Sep-2019 00:00,10-Sep-2019 00:00,3.18554703997496,7186.0
10-Sep-2019 00:00,11-Sep-2019 00:00,2.37784169733034,5298.0
11-Sep-2019 00:00,12-Sep-2019 00:00,2.77159963964159,6053.0
12-Sep-2019 00:00,13-Sep-2019 00:00,1.1028406605396,2897.0
13-Sep-2019 00:00,14-Sep-2019 00:00,0.934380854225352,2153.0
14-Sep-2019 00:00,15-Sep-2019 00:00,6.30443613062033,14787.0
15-Sep-2019 00:00,16-Sep-2019 00:00,4.09768273700726,9493.0
16-Sep-2019 00:00,17-Sep-2019 00:00,4.52615598739774,9934.0
17-Sep-2019 00:00,18-Sep-2019 00:00,5.00388604335996,12206.0
18-Sep-2019 00:00,19-Sep-2019 00:00,3.46136722811281,6847.0
19-Sep-2019 00:00,20-Sep-2019 00:00,3.55694285866659,8162.0
20-Sep-2019 00:00,21-Sep-2019 00:00,4.80964841308845,11580.9013241846
21-Sep-2019 00:00,22-Sep-2019 00:00,8.89811443273386,21014.0986758154
22-Sep-2019 00:00,23-Sep-2019 00:00,2.13201046492837,4839.0
23-Sep-2019 00:00,24-Sep-2019 00:00,4.15902961633126,9419.0
24-Sep-2019 00:00,25-Sep-2019 00:00,3.38036868543062,7905.0
25-Sep-2019 00:00,26-Sep-2019 00:00,3.18755785621213,7141.0
26-Sep-2019 00:00,27-Sep-2019 00:00,3.2404996697074,7715.0
27-Sep-2019 00:00,28-Sep-2019 00:00,5.24032421687988,12448.8309600345
28-Sep-2019 00:00,29-Sep-2019 00:00,2.52328600911785,6126.1690399655
29-Sep-2019 00:00,30-Sep-2019 00:00,4.83566431654034,9634.0
30-Sep-2019 00:00,01-Oct-2019 00:00,2.9426865471098,6604.0
01-Oct-2019 00:00,02-Oct-2019 00:00,4.52907896108398,10613.0
02-Oct-2019 00:00,03-Oct-2019 00:00,2.88439286468919,6795.0
03-Oct-2019 00:00,04-Oct-2019 00:00,3.92913954870804,9410.0
04-Oct-2019 00:00,05-Oct-2019 00:00,2.78077989115101,6301.0
05-Oct-2019 00:00,06-Oct-2019 00:00,4.73584909950747,11138.0
06-Oct-2019 00:00,07-Oct-2019 00:00,3.07226561478164,7671.0
07-Oct-2019 00:00,08-Oct-2019 00:00,2.80886937617755,6514.0
08-Oct-2019 00:00,09-Oct-2019 00:00,2.37210637469031,5284.0
09-Oct-2019 00:00,10-Oct-2019 00:00,4.08940147061601,9244.0
10-Oct-2019 00:00,11-Oct-2019 00:00,3.53234250336472,7919.0
11-Oct-2019 00:00,12-Oct-2019 00:00,3.51540939452359,8115.0
12-Oct-2019 00:00,13-Oct-2019 00:00,5.45273770502739,13279.0
13-Oct-2019 00:00,14-Oct-2019 00:00,6.59266280013246,13467.0
14-Oct-2019 00:00,15-Oct-2019 00:00,3.06557640822491,6904.0
15-Oct-2019 00:00,16-Oct-2019 00:00,3.7208328362389,8335.0
16-Oct-2019 00:00,17-Oct-2019 00:00,2.86025236794276,6508.0
17-Oct-2019 00:00,18-Oct-2019 00:00,3.30361314920827,7473.0
18-Oct-2019 00:00,19-Oct-2019 00:00,3.38854893139398,7500.24236170674
19-Oct-2019 00:00,20-Oct-2019 00:00,7.41040734824848,17454.7576382933
20-Oct-2019 00:00,21-Oct-2019 00:00,5.84656197934899,13757.0
21-Oct-2019 00:00,22-Oct-2019 00:00,4.84437758489925,12061.0
22-Oct-2019 00:00,23-Oct-2019 00:00,4.72300800073363,10991.0
23-Oct-2019 00:00,24-Oct-2019 00:00,2.76572939035929,6638.0
24-Oct-2019 00:00,25-Oct-2019 00:00,3.41619806360631,8509.0
25-Oct-2019 00:00,26-Oct-2019 00:00,3.88679611790479,8755.55458738082
26-Oct-2019 00:00,27-Oct-2019 00:00,4.55298839860712,10349.711000949
27-Oct-2019 00:00,28-Oct-2019 00:00,3.43453413193071,8257.73441167015
28-Oct-2019 00:00,29-Oct-2019 00:00,2.83298660820908,6295.0
29-Oct-2019 00:00,30-Oct-2019 00:00,4.67799335837408,10495.0
30-Oct-2019 00:00,31-Oct-2019 00:00,3.91945930745009,8791.0
31-Oct-2019 00:00,01-Nov-2019 00:00,2.88785426330308,6810.0
01-Nov-2019 00:00,02-Nov-2019 00:00,1.81306768706905,4216.0
02-Nov-2019 00:00,03-Nov-2019 00:00,4.26332716932816,10148.0
03-Nov-2019 00:00,04-Nov-2019 00:00,4.03987198351649,9426.0
04-Nov-2019 00:00,05-Nov-2019 00:00,5.73149173289943,13684.0
05-Nov-2019 00:00,06-Nov-2019 00:00,2.89670201025996,7250.0
06-Nov-2019 00:00,07-Nov-2019 00:00,3.10724742500212,6999.0
07-Nov-2019 00:00,08-Nov-2019 00:00,2.61322004491923,6218.0
08-Nov-2019 00:00,09-Nov-2019 00:00,2.1382066233151,5103.0
09-Nov-2019 00:00,10-Nov-2019 00:00,9.04844677718528,20727.0
10-Nov-2019 00:00,11-Nov-2019 00:00,2.33879145786275,5365.0
11-Nov-2019 00:00,12-Nov-2019 00:00,3.18412691068091,7318.0
12-Nov-2019 00:00,13-Nov-2019 00:00,2.39957526125685,6112.0
13-Nov-2019 00:00,14-Nov-2019 00:00,3.73533563984494,9443.0
14-Nov-2019 00:00,15-Nov-2019 00:00,3.22870063826835,7715.0
15-Nov-2019 00:00,16-Nov-2019 00:00,2.87087782350403,7226.0
16-Nov-2019 00:00,17-Nov-2019 00:00,4.3553532261932,10450.0
17-Nov-2019 00:00,18-Nov-2019 00:00,3.39291661691624,8190.0
18-Nov-2019 00:00,19-Nov-2019 00:00,3.02640703289864,7431.0
19-Nov-2019 00:00,20-Nov-2019 00:00,1.86791015469302,4689.0
20-Nov-2019 00:00,21-Nov-2019 00:00,3.25934247420878,7555.0
21-Nov-2019 00:00,22-Nov-2019 00:00,4.59664641364028,10786.0
22-Nov-2019 00:00,23-Nov-2019 00:00,3.20667924319003,7492.0
23-Nov-2019 00:00,24-Nov-2019 00:00,4.10126734865423,9801.0
24-Nov-2019 00:00,25-Nov-2019 00:00,0.955967151826627,2630.0
25-Nov-2019 00:00,26-Nov-2019 00:00,3.53101015070409,7945.0
26-Nov-2019 00:00,27-Nov-2019 00:00,2.92505517773694,6832.0
27-Nov-2019 00:00,28-Nov-2019 00:00,4.72734549611653,11374.0
28-Nov-2019 00:00,29-Nov-2019 00:00,2.22929964009194,5479.0
29-Nov-2019 00:00,30-Nov-2019 00:00,0.0221456692914196,56.0
30-Nov-2019 00:00,01-Dec-2019 00:00,5.73833371961514,15057.0
01-Dec-2019 00:00,02-Dec-2019 00:00,1.92472212279128,4423.0
02-Dec-2019 00:00,03-Dec-2019 00:00,4.15952882354962,9874.0
03-Dec-2019 00:00,04-Dec-2019 00:00,4.50084009381365,10197.0
04-Dec-2019 00:00,05-Dec-2019 00:00,3.75363502140667,8955.0
05-Dec-2019 00:00,06-Dec-2019 00:00,1.67993294160724,4056.0
06-Dec-2019 00:00,07-Dec-2019 00:00,2.3211631571499,5781.0
07-Dec-2019 00:00,08-Dec-2019 00:00,1.97555028631936,4815.0
08-Dec-2019 00:00,09-Dec-2019 00:00,3.51414862037824,8450.0
09-Dec-2019 00:00,10-Dec-2019 00:00,2.48621468744579,5594.0
10-Dec-2019 00:00,11-Dec-2019 00:00,2.92248215753968,6734.0
11-Dec-2019 00:00,12-Dec-2019 00:00,2.69192292012955,6412.0
12-Dec-2019 00:00,13-Dec-2019 00:00,4.31117896480562,10608.0
13-Dec-2019 00:00,14-Dec-2019 00:00,3.1838500655894,7436.0
14-Dec-2019 00:00,15-Dec-2019 00:00,3.13740451116858,7420.0
15-Dec-2019 00:00,16-Dec-2019 00:00,2.92815695259016,6889.0
16-Dec-2019 00:00,17-Dec-2019 00:00,1.82177955737655,4259.0
17-Dec-2019 00:00,18-Dec-2019 00:00,2.4599014755311,5986.0
18-Dec-2019 00:00,19-Dec-2019 00:00,2.74959238048171,6711.0
19-Dec-2019 00:00,20-Dec-2019 00:00,1.55118483058655,3851.0
20-Dec-2019 00:00,21-Dec-2019 00:00,4.39867686375998,10440.0
21-Dec-2019 00:00,22-Dec-2019 00:00,1.97865714227765,4550.0
22-Dec-2019 00:00,23-Dec-2019 00:00,0.0599436789149736,146.0
23-Dec-2019 00:00,24-Dec-2019 00:00,1.28207734568293,3100.0
24-Dec-2019 00:00,25-Dec-2019 00:00,0.292202233623265,683.0
25-Dec-2019 00:00,26-Dec-2019 00:00,0.104850174977688,251.0
26-Dec-2019 00:00,27-Dec-2019 00:00,0.126380686788943,310.0
27-Dec-2019 00:00,28-Dec-2019 00:00,1.13808483454838,2634.0
28-Dec-2019 00:00,29-Dec-2019 00:00,2.80541636835576,6837.0
29-Dec-2019 00:00,30-Dec-2019 00:00,2.4620280064201,6122.0
30-Dec-2019 00:00,31-Dec-2019 00:00,2.77555326889471,6711.0
31-Dec-2019 00:00,01-Jan-2020 00:00,4.10671609329233,9758.0
01-Jan-2020 00:00,02-Jan-2020 00:00,2.02048163720172,4786.0
02-Jan-2020 00:00,03-Jan-2020 00:00,2.18244825219962,5072.0
03-Jan-2020 00:00,04-Jan-2020 00:00,3.83314567920585,8545.0
04-Jan-2020 00:00,05-Jan-2020 00:00,2.3244564244455,5485.0
05-Jan-2020 00:00,06-Jan-2020 00:00,5.18800206787748,12105.0
06-Jan-2020 00:00,07-Jan-2020 00:00,2.01577724532793,5413.0
07-Jan-2020 00:00,08-Jan-2020 00:00,1.9672549809012,4502.0
08-Jan-2020 00:00,09-Jan-2020 00:00,1.84959213194356,5116.0
09-Jan-2020 00:00,10-Jan-2020 00:00,3.03869154139117,7175.0
10-Jan-2020 00:00,11-Jan-2020 00:00,3.96240400923986,8761.0
11-Jan-2020 00:00,12-Jan-2020 00:00,9.57270788586464,23537.0
12-Jan-2020 00:00,13-Jan-2020 00:00,3.15153254987375,7345.0
13-Jan-2020 00:00,14-Jan-2020 00:00,1.46352178277929,3746.0
14-Jan-2020 00:00,15-Jan-2020 00:00,2.19298670762226,5319.0
15-Jan-2020 00:00,16-Jan-2020 00:00,4.24148448442307,9543.0
16-Jan-2020 00:00,17-Jan-2020 00:00,1.63060849636954,4048.0
17-Jan-2020 00:00,18-Jan-2020 00:00,3.23980002930794,7896.0
18-Jan-2020 00:00,19-Jan-2020 00:00,1.98446771814644,5098.0
19-Jan-2020 00:00,20-Jan-2020 00:00,2.83822232880993,7048.0
20-Jan-2020 00:00,21-Jan-2020 00:00,2.26738348045899,5635.0
21-Jan-2020 00:00,22-Jan-2020 00:00,1.87764704127388,4511.0
22-Jan-2020 00:00,23-Jan-2020 00:00,2.90170404833348,7332.0
23-Jan-2020 00:00,24-Jan-2020 00:00,2.96925853057636,7027.0
24-Jan-2020 00:00,25-Jan-2020 00:00,2.14284826611574,5279.0
25-Jan-2020 00:00,26-Jan-2020 00:00,4.24042389932382,9587.13448755093
26-Jan-2020 00:00,27-Jan-2020 00:00,3.6171719011455,8498.86551244907
27-Jan-2020 00:00,28-Jan-2020 00:00,2.91538541221228,6576.0
28-Jan-2020 00:00,29-Jan-2020 00:00,2.0775794360808,5173.0
29-Jan-2020 00:00,30-Jan-2020 00:00,2.47988621448311,5577.0
30-Jan-2020 00:00,31-Jan-2020 00:00,2.9980162275007,7135.0
31-Jan-2020 00:00,01-Feb-2020 00:00,2.90594179987659,6599.0
01-Feb-2020 00:00,02-Feb-2020 00:00,3.40870676387865,8384.0
02-Feb-2020 00:00,03-Feb-2020 00:00,2.01942971509783,4833.0
03-Feb-2020 00:00,04-Feb-2020 00:00,3.08420076749978,7978.0
04-Feb-2020 00:00,05-Feb-2020 00:00,1.35717513379328,3059.0
05-Feb-2020 00:00,06-Feb-2020 00:00,2.54372589078876,6071.0
06-Feb-2020 00:00,07-Feb-2020 00:00,2.83427727304414,6677.0
07-Feb-2020 00:00,08-Feb-2020 00:00,3.01095353135689,7001.0
08-Feb-2020 00:00,09-Feb-2020 00:00,4.67433673303963,11024.0
09-Feb-2020 00:00,10-Feb-2020 00:00,4.9829080882069,11870.0
10-Feb-2020 00:00,11-Feb-2020 00:00,3.52434905152029,8538.0
11-Feb-2020 00:00,12-Feb-2020 00:00,1.7423061818935,4043.0
12-Feb-2020 00:00,13-Feb-2020 00:00,3.03697560826037,7319.0
13-Feb-2020 00:00,14-Feb-2020 00:00,1.61167531614801,3709.0
14-Feb-2020 00:00,15-Feb-2020 00:00,2.49866405193175,6521.0
15-Feb-2020 00:00,16-Feb-2020 00:00,8.18860919461476,19226.7899669187
16-Feb-2020 00:00,17-Feb-2020 00:00,4.89345396078314,11091.2100330813
17-Feb-2020 00:00,18-Feb-2020 00:00,4.31079992834834,10209.0
18-Feb-2020 00:00,19-Feb-2020 00:00,2.5902293108079,6168.0
19-Feb-2020 00:00,20-Feb-2020 00:00,3.7339313409564,9732.0
20-Feb-2020 00:00,21-Feb-2020 00:00,3.20341704443772,7678.0
21-Feb-2020 00:00,22-Feb-2020 00:00,5.68188939114587,13906.4064085436
22-Feb-2020 00:00,23-Feb-2020 00:00,5.74734689198683,13543.5935914564
23-Feb-2020 00:00,24-Feb-2020 00:00,5.43630184260117,11922.0
24-Feb-2020 00:00,25-Feb-2020 00:00,3.29558503336787,7450.0
25-Feb-2020 00:00,26-Feb-2020 00:00,2.29630209573358,5179.0
26-Feb-2020 00:00,27-Feb-2020 00:00,3.0242819434357,7241.0
27-Feb-2020 00:00,28-Feb-2020 00:00,2.03919733754149,4891.0
28-Feb-2020 00:00,29-Feb-2020 00:00,5.33517541531766,12338.0
29-Feb-2020 00:00,01-Mar-2020 00:00,5.60727906623027,13258.0
01-Mar-2020 00:00,02-Mar-2020 00:00,2.38478575913943,5501.0
02-Mar-2020 00:00,03-Mar-2020 00:00,3.47982773867717,8267.0
03-Mar-2020 00:00,04-Mar-2020 00:00,2.06714661375472,4785.0
04-Mar-2020 00:00,05-Mar-2020 00:00,2.55922288832168,5676.0
05-Mar-2020 00:00,06-Mar-2020 00:00,2.14076045891454,5105.0
06-Mar-2020 00:00,07-Mar-2020 00:00,1.83302637594656,4292.0
07-Mar-2020 00:00,08-Mar-2020 00:00,3.69485330665597,8741.0
08-Mar-2020 00:00,09-Mar-2020 00:00,8.12719575035379,17467.0
09-Mar-2020 00:00,10-Mar-2020 00:00,4.79337239723677,11207.0
10-Mar-2020 00:00,11-Mar-2020 00:00,4.89218906261604,9336.0
11-Mar-2020 00:00,12-Mar-2020 00:00,2.17398517655954,4773.0
12-Mar-2020 00:00,13-Mar-2020 00:00,1.50641503618654,3541.0
13-Mar-2020 00:00,14-Mar-2020 00:00,1.65556276343368,3894.0
14-Mar-2020 00:00,15-Mar-2020 00:00,5.74151952588882,13656.0
15-Mar-2020 00:00,16-Mar-2020 00:00,1.91356229615702,4339.0
16-Mar-2020 00:00,17-Mar-2020 00:00,1.7137168933307,3954.0
17-Mar-2020 00:00,18-Mar-2020 00:00,0.081797303745625,208.0
18-Mar-2020 00:00,19-Mar-2020 00:00,1.03373175653131,2590.0
19-Mar-2020 00:00,20-Mar-2020 00:00,2.69786307303733,5137.0
20-Mar-2020 00:00,21-Mar-2020 00:00,3.22607223807571,7770.0
21-Mar-2020 00:00,22-Mar-2020 00:00,6.50379954712382,14051.0
22-Mar-2020 00:00,23-Mar-2020 00:00,2.06534221265198,3593.0
23-Mar-2020 00:00,24-Mar-2020 00:00,0.20218797224074,498.0
24-Mar-2020 00:00,25-Mar-2020 00:00,1.89114261474947,4348.0
25-Mar-2020 00:00,26-Mar-2020 00:00,3.67375721936556,8204.0
26-Mar-2020 00:00,27-Mar-2020 00:00,2.88222909395941,5084.0
27-Mar-2020 00:00,28-Mar-2020 00:00,1.61267767116913,3708.0
28-Mar-2020 00:00,29-Mar-2020 00:00,2.12986160818473,5386.0
29-Mar-2020 00:00,30-Mar-2020 00:00,3.23017607502635,5571.0
30-Mar-2020 00:00,31-Mar-2020 00:00,2.33785940106282,5222.0
31-Mar-2020 00:00,01-Apr-2020 00:00,0.242724966792172,537.0
01-Apr-2020 00:00,02-Apr-2020 00:00,1.23421717169534,2739.0
02-Apr-2020 00:00,03-Apr-2020 00:00,3.55247530668961,8317.0
03-Apr-2020 00:00,04-Apr-2020 00:00,3.24154616891185,7314.0
04-Apr-2020 00:00,05-Apr-2020 00:00,2.37166199391527,5554.0
05-Apr-2020 00:00,06-Apr-2020 00:00,3.0663878885766,5345.0